--17.02.2026
--tund nr 1

-- teeme andmebaasi e db
create database IKT25tar

--andmebaasi valimine
use IKT25tar

--andmebaasi kustutamine koodiga
--otsida kood ¸lesse
drop database IKT25tar

--teeme uuesti andmebaasi IKT25tar
create database IKT25tar

--teeme tabeli
create table Gender
(
--Meil on muutuja Id,
--mis on t‰isarv andmet¸¸p,
--kui sisestad andmed, 
--siis see veerg peab olema t‰idetud,
--tegemist on primaarvıtmega
Id int not null primary key,
--veeru nimi on Gender,
--10 t‰hem‰rki on max pikkus,
--andmed peavad olema sisestatud e 
--ei tohi olla t¸hi
Gender nvarchar(10) not null
)

--andmete sisestamine Gender tabelisse
--proovige ise teha
-- Id = 1, Gender = Male
-- Id = 2, Gender = Female
insert into Gender (Id, Gender)
values (1, 'Male'),
(2, 'Female')

--vaatame tabeli sisu
-- * t‰hendab, et n‰ita kıike seal sees olevat infot
select * from Gender

--teeme tabeli nimega Person
--veeru nimed: Id int not null primary key,
-- Name nvarchar (30)
-- Email nvarchar (30)
--GenderId int
create table Person
(
Id int not null primary key,
Name nvarchar(30),
Email nvarchar(30),
GenderId int
)

--18.02.2026
--tund nr 2

insert into Person (Id, Name, Email, GenderId)
values (1, 'Superman', 's@s.com', 2),
(2, 'Wonderwoman', 'w@w.com', 1),
(3, 'Batman', 'b@b.com', 2),
(4, 'Aquaman', 'a@a.com', 2),
(5, 'Catwoman', 'c@c.com', 1),
(6, 'Antman', 'ant"ant.com', 2),
(8, NULL, NULL, 2)

--n‰en tabelis olevat infot
select * from Person

--vıırvıtme ¸henduse loomine kahe tabeli vahel
alter table Person add constraint tblPerson_GenderId_FK
foreign key (GenderId) references Gender(Id)

-- kui sisestad uue rea andmeid ja ei ole sisestanud GenderId alla 
-- v‰‰rtust, siis automaatselt sisestab sellele reale v‰‰rtuse 3
-- e unknown
alter table Person
add constraint DF_Persons_GenderId
default 3 for GenderId

insert into Gender (Id, Gender)
values (3, 'Unknown')

insert into Person (Id, Name, Email, GenderId)
values (7, 'Black Panther', 'b@b.com', NULL)

insert into Person (Id, Name, Email)
values (9, 'Spiderman', 'spider@man.com')

select * from Person

--piirnagu kustutamine
alter table Person
drop constraint DF_Persons_GenderId

--kuidas lisada veergu tabelile Person
--veeru nimi on Age nvarchar(10)
alter table Person
add Age nvarchar(10)

alter table Person
add constraint CK_Person_Age check (Age > 0 and Age < 155)

-- kuidas uuendada andemeid
update Person
set Age = 159
where Id = 7

select * from Person

--soovin kustutada ¸he rea
-- kuidas seda teha????
delete from Person where Id = 8

select * from Person

--lisame uue veeru City nvarchar(50)
alter table Person
add City nvarchar(50)

--kıik, kes elavad Gothami linnas
select * from Person where City = 'Gotham'
-- k]ik, kes ei ela Gothamis
select * from Person where City != 'Gotham'
-- variant nr 2. K]ik, kes ei ela Gothamis
select * from Person where City <> 'Gotham'

--n‰itab teatud vanusega inimesi
-- valime 151, 35, 26
select * from Person where Age in (151, 35, 26)
select * from Person where Age = 151 or Age = 35 or Age = 26

-- soovin n‰ha inimesi vahemikus 22 kuni 41
select * from Person where Age between 22 and 41

--wildcard e n‰itab kıik g-t‰hega linnad
select * from Person where City like 'g%'
--otsib emailid @-m‰rgiga
select * from Person where Email like '%@%'

--tahan n‰ha, kellel on emailis ees ja peale @-m‰rki ¸ks t‰ht
select * from Person where Email like '_@_.com'

--kıik, kelle nimes ei ole esimene t‰ht W, A, S
select * from Person where Name like '[^WAS]%'

--k]ik, kes elavad Gothamis ja New Yorkis
select * from Person where (City = 'Gotham' or City = 'New York')

-- k]ik, kes elavad Gothamis ja New Yorkis ning peavad olema 
-- vanemad, kui 29
select * from Person where (City = 'Gotham' or City = 'New York')
and Age >= 30

--kuvab t‰hestikulises j‰rjekorras inimesi ja vıtab aluseks 
-- Name veeru
select * from Person
select * from Person order by Name

--vıtab kolm esimest rida Person tabelist
select top 3 * from Person

--tund 3
--25.02.2026
--kolm esimest, aga tabeli j‰rjestus on Age ja siis Name
select top 3 Age, Name from Person

--n‰ita esimesed 50% tabelist
select top 50 percent * from Person
select * from Person

--j‰rjestab vanuse j‰rgi isikud
select * from Person order by Age desc

--muudab Age muutuja int-ks ja n‰itab vanuselises j‰rjestuses
-- cast abil saab andmet¸¸pi muuta
select * from Person order by cast(Age as int) desc

-- kıikide isikute koondvanus e liidab kıik kokku
select sum(cast(Age as int)) from Person

--kıige noorem isik tuleb ¸les leida
select min(cast(Age as int)) from Person

--kıige vanem isik
select max(cast(Age as int)) from Person

--muudame Age muutuja int peale
-- n‰eme konkreetsetes linnades olevate isikute koondvanust
select City, sum(Age) as TotalAge from Person group by City

--kuidas saab koodiga muuta andmet¸¸pi ja selle pikkust
alter table Person 
alter column Name nvarchar(25)

-- kuvab esimeses reas v‰lja toodud j‰rjestuses ja kuvab Age-i 
-- TotalAge-ks
--j‰rjestab City-s olevate nimede j‰rgi ja siis Genderid j‰rgi
--kasutada group by-d ja order by-d
select City, GenderId, sum(Age) as TotalAge from Person
group by City, GenderId
order by City

--n‰itab, et mitu rida andmeid on selles tabelis
select count(*) from Person

--n‰itab tulemust, et mitu inimest on Genderid v‰‰rtusega 2
--konkreetses linnas
--arvutab vanuse kokku selles linnas
select GenderId, City, sum(Age) as TotalAge, count(Id) as 
[Total Person(s)] from Person
where GenderId = '1'
group by GenderId, City

--n‰itab ‰ra inimeste koondvanuse, mis on ¸le 41 a ja
--kui palju neid igas linnas elab
--eristab inimese soo ‰ra
select GenderId, City, sum(Age) as TotalAge, count(Id) as 
[Total Person(s)] from Person
where GenderId = '2'
group by GenderId, City having sum(Age) > 41

--loome tabelid Employees ja Department
create table Department
(
Id int primary key,
DepartmentName nvarchar(50),
Location nvarchar(50),
DepartmentHead nvarchar(50)
)

create table Employees
(
Id int primary key,
Name nvarchar(50),
Gender nvarchar(50),
Salary nvarchar(50),
DepartmentId int
)

insert into Employees (Id, Name, Gender, Salary, Department)
values (1, 'Tom', 'Male', 4000, 1),
(2, 'Pam', 'Female', 3000, 3),
(3, 'John', 'Male', 3500, 1),
(4, 'Sam', 'Male', 4500, 2),
(5, 'Todd', 'Male', 2800, 2),
(6, 'Ben', 'Male', 7000, 1),
(7, 'Sara', 'Female', 4800, 3),
(8, 'Valarie', 'Female', 5500, 1),
(9, 'James', 'Male', 6500, NULL),
(10, 'Russell', 'Male', 8800, NULL)

insert into Department(Id, DepartmentName, Location, DepartmentHead)
values 
(1, 'IT', 'London', 'Rick'),
(2, 'Payroll', 'Delhi', 'Ron'),
(3, 'HR', 'New York', 'Christie'),
(4, 'Other Department', 'Sydney', 'Cindrella')

select * from Department
select * from Employees

---
select Name, Gender, Salary, DepartmentName
from Employees
left join Department
on Employees.DepartmentId = Department.Id
---

--arvutab k]ikide palgad kokku Employees tabelist
select sum(cast(Salary as int)) from Employees --arvutab kıikide palgad kokku
-- kıige v‰iksema palga saaja
select min(cast(Salary as int)) from Employees

--n‰itab veerge Location ja Palka. Palga veerg kuvatakse TotalSalary-ks
--teha left join Department tabeliga
--grupitab Locationiga
select Location, sum(cast(Salary as int)) as TotalSalary
from Employees
left join Department
on Employees.DepartmentId = Department.Id
group by Location


-- 4 tund
-- 03.03.26

select * from Employees
select sum(cast(Salary as int)) from Employees  --arvutab kıikide palgad kokku

-- lisame veeru City ja pikkus on 30
-- Employees tabelisse lisada
alter table Employees
add City nvarchar(30)

select City, Gender, sum(cast(Salary as int)) as TotalSalary 
from Employees
group by City, Gender

--peaaegu sama p‰ring, aga linnad on t‰hestikulises j‰rjestuses
select City, Gender, sum(cast(Salary as int)) as TotalSalary 
from Employees 
group by City, Gender 
order by City

select * from Employees
--on vaja teada, et mitu inimest on nimekirjas selles tabelis
select count (*) from Employees

--mitu tˆˆtajat on soo ja linna kaupa tˆˆtamas
select City, Gender, sum(cast(Salary as int)) as TotalSalary,
count (Id) as [Total Employee(s)]
from Employees 
group by Gender, City 

--kuvab kas naised vıi mehed linnade kaupa
--kasutage where
select City, Gender, sum(cast(Salary as int)) as TotalSalary,
count (Id) as [Total Employee(s)]
from Employees 
where Gender = 'Female'
group by Gender, City 

--sama tulemuse nagu eelmine kord, aga kasutage: having
select City, Gender, sum(cast(Salary as int)) as TotalSalary,
count (Id) as [Total Employee(s)]
from Employees 
group by Gender, City 
having Gender = 'Female'

--kıik, kes teenivad rohkem, kui 4000
select * from Employees where sum(cast(Salary as int)) > 4000

--teeme variandi, kus saame tulemuse
select Gender, City, sum(cast(Salary as int)) as TotalSalary,
count (Id) as [Total Employee(s)]
from Employees 
group by Gender, City 
having sum(cast(Salary as int)) > 4000

--loome tabeli, milles hakatakse automaatselt nummerdama Id-d
create table Test1
(
Id int identity(1,1),
Value nvarchar(20)
)

insert into Test1 values('X')
select * from Test1


--5 tund
--04.03.26

--kustutame veeru nimega City Employee tabelist
alter table Employees
drop column City


--inner join 
--kuvab neid, kellel on DepartmentName all olemas v‰‰rtus
--mitte kattuvad read eemaldatakse tulemusest
-- ja sellep‰rast ei n‰idata Jamesi ja Russelit tabelis
--kuna neil on DepartmentId NULL
select Name, Gender, Salary, DepartmentName
from Employees
inner join Department
on Employees.DepartmentId = Department.Id

-- left join
select Name, Gender, Salary, DepartmentName
from Employees
left join Department  --vıib kasutada ka LEFT OUTER JOIN-i
on Employees.DepartmentId = Department.Id
--uurige, mis on left join
--n‰itab andmeid, kus vasakpoolsest tabelist isegi, siis kui seal puudub
--vıırvıtme reas v‰‰rtus

--right join
select Name, Gender, Salary, DepartmentName
from Employees
right join Department  --vıib kasutada ka RIGHT OUTER JOIN-i
on Employees.DepartmentId = Department.Id
--right join n‰itab paremas (Department) tabelis olevaid v‰‰rtuseid,
--mis ei ¸hti vasaku (Employees) tabeliga

--outer join
select Name, Gender, Salary, DepartmentName
from Employees
full outer join Department
on Employees.DepartmentId = Department.Id
--mılema tabeli read kuvab

--teha cross join
select Name, Gender, Salary, DepartmentName
from Employees
cross join Department
--korrutab kıik omavahel l‰bi

--teha left join, kus Employees tabelist DepartmentId on null
select Name, Gender, Salary, DepartmentName
from Employees
left join Department
on Employees.DepartmentId = Department.Id
where Employees.DepartmentId is null

--teine variant ja sama tulemus
select Name, Gender, Salary, DepartmentName
from Employees
left join Department
on Employees.DepartmentId = Department.Id
where Department.Id is null
-- n‰itab ainult neid, kellel on vasakus tabelis (Employees)
-- DepartmentId null

select Name, Gender, Salary, DepartmentName
from Employees
right join Department
on Employees.DepartmentId = Department.Id
where Employees.DepartmentId is null
--n‰itab ainult paremas tabelis olevat rida, 
--mis ei kattu Employees-ga.

--full join
--mılema tabeli mitte-kattuvate v‰‰rtustega read kuvab v‰lja
select Name, Gender, Salary, DepartmentName
from Employees
full join Department
on Employees.DepartmentId = Department.Id
where Employees.DepartmentId is null
or Department.Id is null

--teete AdventureWorksLT2019 andmebaasile join p'ringuid:
--inner join, left join, right join, cross join ja full join
--tabeleid sellesse andmebaasi juurde ei tohi teha

--Mınikord peab muutuja ette kirjutama tabeli nimetuse nagu on Product.Name,
--et editor saaks aru, et kummma tabeli muutujat soovitakse kasutada ja ei tekiks
--segadust
select Product.Name as [Product Name], ProductNumber, ListPrice, 
ProductModel.Name as [Product Model Name], 
Product.ProductModelId, ProductModel.ProductModelId
--mınikord peab ka tabeli ette kirjutama t‰psustama info
--nagu on SalesLt.Product
from SalesLt.Product
inner join SalesLt.ProductModel
--antud juhul Producti tabelis ProductModelId vıırvıti,
--mis ProductModeli tabelis on primaarvıti
on Product.ProductModelId = ProductModel.ProductModelId

--rida 412
--6 tund
--12.03.26

--isnull funktsiooni kasutamine
select isnull('Ingvar', 'No Manager') as Manager

-- NULL asemel kuvab No Manager
select coalesce(NULL, 'No Manager') as Manager

alter table Employees
add ManagerId int

--neile, kellel ei ole ¸lemust, siis paneb neile No Manager teksti
--kasutage left joini
select  E.Name as Employee, isnull(M.Name, 'No Manager') as Manager
from Employees E
left join Employees M
on E.ManagerId = M.Id

--kasutame inner joini
--kuvab ainult ManagerId all olevate isikute v‰‰rtuseid
select E.Name as Employee, M.Name as Manager
from Employees E
inner join Employees M
on E.ManagerId = M.Id

--kıik saavad kıikide ¸lemused olla
select E.Name as Employee, M.Name as Manager
from Employees E
cross join Employees M

--lisame Employees tabelisse uued veerud
alter table Employees
add MiddleName nvarchar(30)

alter table Employees
add LastName nvarchar(30)

--muudame olemasoleva veeru nimetust
sp_rename 'Employees.Name', 'FirstName'

update Employees
set FirstName = 'Tom', MiddleName = 'Nick', LastName = 'Jones'
where Id = 1

update Employees
set FirstName = 'Pam', MiddleName = NULL, LastName = 'Anderson'
where Id = 2

update Employees
set FirstName = 'John', MiddleName = NULL, LastName = NULL
where Id = 3

update Employees
set FirstName = 'Sam', MiddleName = NULL, LastName = 'Smith'
where Id = 4

update Employees
set FirstName = NULL, MiddleName = 'Todd', LastName = 'Someone'
where Id = 5

update Employees
set FirstName = 'Ben', MiddleName = 'Ten', LastName = 'Sven'
where Id = 6

update Employees
set FirstName = 'Sara', MiddleName = NULL, LastName = 'Connor'
where Id = 7

update Employees
set FirstName = 'Valarie', MiddleName = 'Balerine', LastName = NULL
where Id = 8

update Employees
set FirstName = 'James', MiddleName = '007', LastName = 'Bond'
where Id = 9

update Employees
set FirstName = NULL, MiddleName = NULL, LastName = 'Crowe'
where Id = 10

--igast reast vıtab esimesena t‰idetud lahtri ja kuvab ainult seda
--coalesce
select * from Employees
select Id, coalesce(FirstName, MiddleName, LastName) as Name
from Employees

--loome kaks tabelit
create table IndianCustomers
(
Id int identity(1,1),
Name nvarchar(25),
Email nvarchar(25)
)

create table UKCustomers
(
Id int identity(1,1),
Name nvarchar(25),
Email nvarchar(25)
)

--sisestame tabelisse andmeid
insert into IndianCustomers (Name, Email)
values ('Raj', 'R@R.com'),
('Sam', 'S@S.com')

insert into UKCustomers (Name, Email)
values ('Ben', 'B@B.com'),
('Sam', 'S@S.com')

select * from IndianCustomers
select * from UKCustomers

--kasutame union all, mis n‰itab kıiki ridu
--union all ¸hendab tabelid ja n‰itab sisu
select Id, Name, Email from IndianCustomers
union all
select Id, Name, Email from UKCustomers

--korduvate v‰‰rtustega read pannakse ¸hte ja ei korrata
select Id, Name, Email from IndianCustomers
union
select Id, Name, Email from UKCustomers

--kasutad union all, aga sorteerid nime j‰rgi
select Id, Name, Email from IndianCustomers
union all
select Id, Name, Email from UKCustomers
order by Name

--stored procedure
--tavaliselt pannakse nimetuse ette sp, mis t‰hendab stored procedure
create procedure spGetEmployees
as begin
	select FirstName, Gender from Employees
end

--n¸¸d saab kasutada selle nimelist sp-d
spGetEmployees
exec spGetEmployees
execute spGetEmployees

create proc spGetEmployeesByGenderAndDepartment
--@ t‰hendab muutujat
@Gender nvarchar(20),
@Department int
as begin
	select FirstName, Gender, Department from Employees where Gender = @Gender
	and Department = @Department
end

--kui n¸¸d allolevat k‰sklust k‰ima panna, siis nıuab gender parameetrit
spGetEmployeesByGenderAndDepartment

--ıige variant
spGetEmployeesByGenderAndDepartment 'Female', 1

--niimoodi saab sp kirja pandud j'rjekorrast mˆˆda minna, kui ise paned muutuja paika
spGetEmployeesByGenderAndDepartment @DepartmentId = 1, @Gender = 'Male'

---saab vaadata sp sisu result vaates
sp_helptext spGetEmployeesByGenderAndDepartment

--kuidas muuta sp-d ja panna sinna v]ti peale, et keegi teine peale teie ei saaks muuta
--kuskile tuleb lisada with encryption
alter proc spGetEmployeesByGenderAndDepartment   
@Gender nvarchar(20),  
@Department int 
with encryption
as begin  
 select FirstName, Gender, Department from Employees where Gender = @Gender  
 and Department = @Department  
end

--sp tegemine
create proc spGetEmployeeCountByGender
@Gender nvarchar(20),
@EmployeeCount int output
as begin
	select @EmployeeCount = count(Id) from Employees where Gender = @Gender
end

--annab tulemuse, kus loendab ‰ra nıuetele vastavad read
--prindib ka tulemuse kirja teel
--tuleb teha declare muutuja @TotlaCount, mis on int
declare @TotalCount int
--execute spGetEmployeeCountByGender sp, kus on parameetrid Male ja TotalCount
execute spGetEmployeeCountByGender 'Male', @TotalCount out
--if ja else, kui TotalCount = 0, siis tuleb tekst TotalCount is null
if(@TotalCount = 0)
	print '@TotalCount is null'
else
	print '@Total is not null'
print @TotalCount
--l]pus kasuta print @TotalCounti puhul

declare @TotalCount int
execute spGetEmployeeCountByGender @EmployeeCount = @TotalCount out, @Gender = 'Female'
print @TotalCount

--sp sisu vaatamine
sp_help spGetEmployeeCountByGender
--tabeli info vaatamine
sp_help Employees
--kui soovid sp teksti n‰ha
sp_helptext spGetEmployeeCountByGender

--vaatame millest sıltub meie valitud sp
sp_depends
--n‰itab, et sp sıltub Employees tabelist kuna seal on Count(Id)
--ja ID on Employee tabelis

--vaatame tabelit
sp_depends Employees

--teeme sp, mis annab andmeid ID ja Name veergude kohta Employee tabelis
create proc spGetNameById
@Id int,
@Name nvarchar(20) output
as begin 
select @Id = Id, @Name = FirstName from Employees
end
--annab kogu tabeli ridade arvu
create proc spTotalCount2
@TotalCount int output
as begin
select @TotalCount = count(Id) from Employees
end

--on vaja teha uus p‰ring kus kasutame sptotalcount2 sp-d
--et saada tabelite ridade arv
--tuleb delrareerida muutuja @TotalCount mis on int andmet¸¸p
--tuleb execute spTotalCount2 kus parameeter @totalcount out
declare @TotalEmployees int
execute spTotalCount2 @TotalCount out
print @TotalEmployees

--Mis Id all on keegi nime j‰rgi
create proc spGetNameById1
@Id int,
@FirstName nvarchar(20) output
as begin
select @FirstName = FirstName from Employees where Id = @Id 
end

--annab tulemuse kus Id 1 (sead numbrit saab muuta) real on keegi koos nimega
--print tuleb kasyrada et n‰idata tulemust
declare @FirstName nvarchar(20) 
exec spGetNameById1 3, @FirstName output
print 'Name of the Employee = ' + @FirstName

--tehke sama mis eelmine aga kasutage spgetbynameid sp-d
--firstname lıpus on out
declare @FirstName nvarchar(20) 
exec spGetNameById1 3, @FirstName out
print 'Name of the Employee = ' + @FirstName 
--output tagastab muudetud read kohe p‰rinu tulemusena
--see on salvestatud protseduuuris ja ¸he v‰‰rtuse tagastamine
--out ei anna mitte midagi kui seda ei m‰‰ra execute k‰sus

sp_help spGetNameById

create proc spGetNamebyId2
@Id int
as begin
--kui on begin siis on ka end kuskil olemas
return (select FirstName from Employees where id = @Id)
end

--tuleb veateade kuna kutsusime v‰lja int-i aga Tom on nvarchar
declare @EmployeeName nvarchar(50)
execute @EmployeeName = spGetNamebyId2 1
print 'Name of the employee = ' + @EmployeeName


--sisseehitatud string funktsioonid 
--see konverteerib ASCII t‰he v‰‰rtuse numbriks
select ASCII('A')
select CHAR(65)
--prindime kogu t‰hestiku v‰lja

declare @Start int
set @Start = 97
while (@Start <= 122)
begin
select char (@Start)
set @Start = @Start + 1
end

--eemaldame t¸hjad kohad sulgudes
select ('                Hello')
select LTRIM('                Hello')

--t¸hiute eemaldamine veerust, mis on tabelist
select FirstName, MiddleName, LastName from Employees
--eemaldage t¸hikud FirstName veerust ‰ra
select LTRIM(FirstName) as FirstName, MiddleName, LastName from Employees

--paremalt poolt t¸hjad stringid lıikab ‰ra
select RTRIM('       hello      ')
--keerab kooloni sees olevad andmed vastupidiseks
--vastavalt lower-ga ja upper-ga saan muuta m‰rkide suurust
--reverse funktsioon pˆˆrab kıik ¸mber 
select REVERSE(upper(ltrim(FirstName))) as FirstName, MiddleName, LOWER(LastName), RTRIM(ltrim(FirstName)) + 
' ' + MiddleName + ' ' LastName as FullName
from Employees
--left, right, substring
--vasakult poolt neli esimest t‰hte
select LEFT('ABCDEF', 4)
--paremalt poolt kol t‰hte
select RIGHT ('ABCDEF', 3)

--kuvab @-t‰hem‰rki asetust e mitmes on @ m‰rrk 
select charindex('@', 'Sara@aaa.com')

--esimene nr peale komakohta n‰itab, et mitmedast alustab ja siis mitu nr peale seda kuvada
select SUBSTRING('pam@bbb.com', 5 2)

--@ m‰rgist kuvab kolm t‰hem‰rki. Viimase nr saab m‰‰rata pikkust
select SUBSTRING('pam@bbb.com', CHARINDEX('@', 'pam@bbb.com') + 1, +3)

select SUBSTRING('pam@bbb.com', CHARINDEX('@', 'pam@bbb.com') + 5
len('pam@bbb.com') - charindex('@', 'pam@bbb.com')
--peale @ m‰rki hakkab kuvama tulemus, nr saab kaugust seadistada

alter table Employees 
add Email nvarchar(20)

update Employees set Email = 'Tom@ttt.com' where id = 1
update Employees set Email = 'Pam@bbb.com' where id = 2
update Employees set Email = 'John@jjj.com' where id = 3
update Employees set Email = 'Sam@sss.com' where id = 4
update Employees set Email = 'Todd@ttt.com' where id = 5
update Employees set Email = 'Ben@bbb.com' where id = 6
update Employees set Email = 'Sara@sss.com' where id = 7
update Employees set Email = 'Valarie@vvv.com' where id = 8
update Employees set Email = 'James@jjj.com' where id = 9
update Employees set Email = 'Russel@rrr.com' where id = 10

select * from Employees
select SUBSTRING (Email, charindex('@', Email) + 1,
len (email) - charindex('@', Email)) as EmailDomain
from Employees

--alates teisest t‰hest emailisis kuni @ m‰rgini on t‰rnid
select FirstName, LastName, 
SUBSTRING (Email, 1, 2) + replicate('*', 5) + 
substring(Email, Charindex('@', Email), len (Email) - charindex('@', Email)+1) as Email
from Employees

--kolm korda n‰itab stringis olevat v‰‰rtust
select REPLICATE ('asd', 3)

--t¸hiku sisestamine
select SPACE(5)

--t¸hiku sisestaine FirstName ja LastName vahele
select FirstName + SPACE(25) + LastName as FullName
from Employees

--PatIndex
--sama mis charindex aga d¸naamilisem ja saab kasutada wildcardi 
select Email, PATINDEX('%@aaa.com', Email) as Firstoccurence
from Employees where PATINDEX('%@jjj.com', Email) > 0
--leian kıik selle domeeni esindajad ja alates mitmendast m‰rgist algab @

--kıik .com emailid  asendav .net-ga
select Email, REPLACE (Email, '.com', '.net') from Employees

--soovin asendada peale esimest m‰rki kolm t‰hte viis t‰rniga
select FirstName, LastName, Email,
stuff(Email, 2, 3, '*****') as stuffedEmail
from Employees 

create table DateTime 
(
c_time time,
c_date date,
c_smalldatetime smalldatetime, 
c_datetime datetime,
c_datetime2 datetime2,
c_datetimeoffset datetimeoffset
)

select * from DateTime

--konkreetse masina kellaaeg
select GETDATE(), 'GETDATE()'

insert into DateTime
values (getdate(), GETDATE(), GETDATE(), GETDATE(), GETDATE(), GETDATE())

update DateTime 
set c_datetimeoffset = '2026-03-19 55:27:15.0500000 +10:00'
where c_datetimeoffset = '2026-03-19 14:27:15.0500000 +00:00'

select CURRENT_TIMESTAMP, 'CURRENT_TIMESTAMP' ---aja p‰ring
select SYSDATETIME(), 'SYSDATETIME' ---veel t‰psem aja p‰ring
select SYSDATETIMEOFFSET(), 'SYSDATETIMEOFFSET' --t‰pne aeg koos ajalise nihkega
select GETUTCDATE(), 'GETUTCDATE' --UTC aeg
--saab kontrollida kas on ıige andmet¸¸p
select ISDATE('asd') --tagastab 0 kuna string ei ole date
--kuidas saada vastuseks 1 isdate puhul
select ISDATE(GETDATE())
select ISDATE('2026-03-19 55:27:15.0500000') --tagastab 0 kuna max kolm komakohta vıib olla 
select DAY(getdate()) --annab t‰nase p‰eva nr
select DAY('01/24/2026') --annab stringis oleva kuup‰eva ja j‰rjestus peab olema ıige
select Month(Getdate()) --annab t‰nase kuu nr
select month('01/24/2026') --annab stringis oleva kuu ja j‰rjestus peab olema ıige
select YEAR(getdate()) --annab jooksva aasta nr
select year('01/24/2026') --annab stringis oleva aasta ja j‰rjestus peab olema ıige

select DATENAME(day, '2026-03-19 14:27:15.0500000') --annab stringis oleva p‰eva nr
select DATENAME(WEEKDAY, '2026-03-19 14:27:15.0500000') --annab stringis oleva p‰eva sınana 
select DATENAME(month, '2026-03-19 14:27:15.0500000') --annab stringis oleva kuu sınana

create table EmployeesWithDates
(
Id nvarchar(2), 
Name nvarchar(20),
DateOfBirth datetime
)
insert into EmployeesWithDates (Id, Name, DateOfBirth) values
('1','Sam', '1980-12-30 00:00:00.000'),
('2', 'Pam', '1982-12-30 12:02:36.260'),
('3' , 'John', '1985-08-22 12:03:30:370'),
('4', 'Sara', '1979-11-29 12:59:30.670')
select * from EmployeesWithDates

--tund 9

--kuidas vıtta ¸hest veerust andmeid ja selle abil luua uued veerud

--vaatab DoB veerust p‰eva ja kuvab p‰eva nimetuse sınana
select Name, DateOfBirth, DATENAME(weekday, DateOfBirth) as [Day], 
--vaatab Vob veerust kuupıevasid ja kuvab kuu nr
MONTH(DateOfBirth) as MonthNumber,
--vaatab DoB veerust kuud ja kuvab sınana
DateName(Month, DateOfBirth) as [MonthName],
--vıtab DoB veerust aasta
YEAR(DateOfBirth) as [Year]
from EmployeesWithDates

---kuvab 1 kuna USA n‰dal algab p¸hap‰eval
select DATEPART(weekday, '2026-3-24 12:59:30.670')
--tehke sama kasutage kuud
select DATEPART(month, '2026-3-24 12:59:30.670')
--liidab stringis oleva kp 20 p‰eva juurde
select DATEadd(day, 20, '2026-3-24 12:59:30.670')
select DATEadd(day, -20, '2026-3-24 12:59:30.670')
--kuvab kahe stringis oleva kuudevahelist aega numbrina
select DATEDIFF(month,  '11/20/2026', '01/20/2026')
--sama aga kasutage aastat
select DATEDIFF(year,  '11/20/2026', '01/20/2026')
--alguses uurite mis on funktsioon MS SQL
--miks seda on vaja 
--mis on selle eelised ja puudused

--mis on: eelkirjutatud toimingud, salvestatud tegevus
--miks on vaja:pakkuda DB-s korduvkasutatud funktionaalsust
--eelised: saab kiiresti kasutada toiminguid ja ei pea kood uuesti kirjutama
--puudused: funktsioon ei tohi muuta DB olekut
create function fnComputeAge(@DOB datetime)
returns nvarchar(50)
as begin
declare @tempdate datetime, @years int, @months int, @days int
select @tempdate = @DOB
select @years = DATEDIFF(year, @tempdate, getdate()) - case when (MONTH(@DOB) >
MONTH(getdate())) or (MONTH(@dob) = MONTH(getdate()) and DAY(@DOB) > DAY(getdate()))
then 1 else 0 end
select @tempdate = DATEADD(year, @years, @tempdate)

select @months = DATEDIFF(month, @tempdate, getdate()) - case when DAY(@DOB) > DAY(getdate()) then 1 else 0 end
select @tempdate  = DATEADD(day, @months, @tempdate)

select @days = DATEDIFF(day, @tempdate, getdate())

declare @Age nvarchar(50)
set @Age = CAST(@years as nvarchar(4)) + ' Years ' + CAST(@months as nvarchar(2))
+ ' Months ' + CAST(@days as nvarchar(2)) + ' Days old '
return @Age
end

select Id, Name, DateOfBirth, dbo.fnComputeAge(DateOfBirth) as Age from EmployeesWithDates

--kui kasutame seda funktsiooni siis saame teada t‰nase p‰eva vahet stringis oleva v‰lja tooduga
select dbo.fnComputeAge('02/24/2010') as age

-- n peale DOB muutujat n‰itab et mismoodikuvada DOB-i
select Id, Name, DateOfBirth,
CONVERT(nvarchar, DateOfBirth, 109) as ConvertedDOB
from EmployeesWithDates

select Id, Name, Name + '-' + CAST(Id as nvarchar) as [Name-ID] from EmployeesWithDates

select CAST(getdate() as date) --t‰nane kp
--t‰nanae kuup‰ev aga kasutate converti et kuvada stringina

select CONVERT(nvarchar, GETDATE(), 109) as ConvertedDOB

--matemaatilised funktsioonid 
select ABS(-5) --abs on absoluutv‰‰rtusega number ja tulemuseks saame ilma miinus m‰rgita 5
select CEILING(4.2) --ceiling on funktsioon, mis ¸mardab ¸lespoole ja tulemuseks saame 5
select CEILING(-4.2) --ceiling ¸mardab ka miinus numbrid ¸lespoole, mis t‰heendab, et saame -4
select FLOOR(15.2) --floor on funktsioon, mis ¸mardab ¸lespoole ja tulemuseks saame 15
select FLOOR (-15.2) --floor ¸mardab ka miinus numbrid ¸lespoole, mis t‰heendab, et saame -16
select POWER(2, 4) --kaks astmes neli  
select SQUARE(9) -- antud juhul 9 ruudus
select SQRT(16) --antud juhul 16 ruutjuur

select RAND() --RAND on funtksioon mis genereerib 
--juhusliku numbri vahemikus 0 kuni 1
--kuidas aada t‰is number iga kord 
select FLOOR(rand() * 100) --korrutab sajaga iga suvalise numbri

--iga kord n‰itab 10 suvalist numbrit 
declare @counter int
set @counter = 1
while (@counter <= 10)
begin
select FLOOR(rand() * 100)
set @counter = @counter + 1
end

select ROUND(850.556, 2)
--round on funktsioon, mis ¸mardab kaks komakohta
--ja tulemuseks saame 850.56
select ROUND(850.556, 2, 1)
--round on funktsioon, mis ¸mardab kaks komakohta ja 
--kui kolmas parameeter on 1, siis ¸mardab alla
select ROUND(850.556, 1)
--round on funktsioon, mis ¸mardab ¸he komakoha ja 
--tulemuseks saame 850.6
select ROUND(850.556, 1, 1) --¸mardab alla ¸he komakoha pealt ja tulemsueks saame 850.5
select ROUND(850.556, -2) --¸mardab t‰isnr ¸lespoole ja tulemuseks saame 90
select ROUND(850.556, -1)-- ¸mardab t‰isnr alla ja tulemus on 850

create function dbo.CalcuteAge(@DOB date)
returns int 
as begin
declare @Age int 
set @Age = DATEDIFF(year, @DOB, GEtdate()) - 
case
when (MONTH(@DOB) > MONTH(getdate())) OR 
(MONTH(@DOB) = MONTH(getdate()) and DAY(@DOB) > DAY(getdate()))
then 1 else 0 end
return @age
end
exec dbo.CalcuteAge '1980-12-30'

--arvutab v‰lja, kui vana on isik ja vıtab arvesse kuud ning p‰evad 
--antud juhul n‰itab kıike kes on ¸le 36 a vanad 
select Id, dbo.CalcuteAge(DateOfBirth) as age from EmployeesWithDates
where dbo.CalcuteAge(DateOfBirth) > 36

--inline table functsions
alter table EmployeesWithDates
add DepartmentId int
alter table EmployeesWithDates
add Gender nvarchar(10)

select * from EmployeesWithDates

insert into EmployeesWithDates(Id, Name, DateOfBirth, DepartmentId, Gender)
values (5, 'Todd', 1978-11-29, 1, 'Male')

update EmployeesWithDates 
set DepartmentId = 1 
where Id = 1

update EmployeesWithDates 
set DepartmentId = 2 
where Id = 2

update EmployeesWithDates 
set DepartmentId = 1
where Id = 3

update EmployeesWithDates 
set DepartmentId = 3
where Id = 4

update EmployeesWithDates
set Gender = 'Male'
where Id = 1

update EmployeesWithDates
set Gender = 'Female'
where Id = 2
update EmployeesWithDates
set Gender = 'Male'
where Id = 3
update EmployeesWithDates
set Gender = 'Female'
where Id = 4

--scalar function annab mingis vahemikus olevaid andmeid
--inline table values ei kasutabegin ja end funktsioone 
--scalar annab v‰‰rtused ja inline annab tabeli
create function fn_EmployeesByGender(@Gender nvarchar(10))
returns table 
as
return (select Id, Name, DateOfBirth, Gender
from EmployeesWithDates
where Gender = @Gender)

--kuidas leida kıik naised tabelis EmployeesByGender
select * from fn_EmployeesByGender('female')
--tahaks ainult Pami nime n‰ha 

select * from fn_EmployeesByGender('female') where Id = 2

select * from Department
--kahest erinevast tabelist andmete vıtmine ja koos kuvamine
--esimene on funktsioon ja teine tabel

select Name, Gender; DepartmentName
from fn_EmployeesByGender('Male') E
join Department D on D.Id = E.DepartmentId

--multi tabel statement 
--inline funktsioon
create function fn_GetEmployees()
returns table as
return (select Id, Name, cast(DateOfBirth AS date)
AS dob
FROM EmployeesWithDates)

--multi-state puhul peab defineerima uue tabeli veerud koos muutujatega
--funktsioon nimi on fn_MS_GetEmpolyees()
--peab edastama meile Id, NAme, DOB tabelist EMployeeswithDates

create function fn_MS_GetEmployees()
returns @Table Table (Id int, Name nvarchar(20), DateOfBirth date)
as begin 
insert into @Table
select Id, Name, CAST(DateOfBirth as date) from EmployeesWithDates
return
end

select * from fn_MS_GetEmployees()

--muudane andmeid ja vaatame, kas inline funktsioonis on muutused kajastatud
update fn_GetEmployees() set Name = 'Sam1' where Id = 1
select * from fn_GetEmployees()

update fn_MS_GetEmployees() set Name = 'Sam2' where Id = 1
--ei saa muuta andmeid multi state funktsioonis, 
--kuna see on nagu stored pocedure

--deterministic vs non-determenistic functions
--deterministic funktsioonid annavad alati sama tulemuse kui sisend on sama
select COUNT(*) from EmployeesWithDates
select SQUARE(4)
--non-deterministic funktsioonid annavd erineva tulemuse, kui sisend on sama
select GETDATE()
select CURRENT_TIMESTAMP
select RAND()

--loome funktsioon
create function fn_GetNameById(@id int)
returns nvarchar(30)
as begin
return (select Name from EmployeesWithDates where Id = @id)
end

--kasutame funktsiooni, leides Id 1 all oleva inimene
select dbo.fn_GetNameById(1)

select * from EmployeesWithDates

--saab n‰ha funktsiooni sisu
sp_helptext fn_GetNameById

--muudate funktsiooni nimega fn_GetNameById
--ja panete sinna encryption, et keegi peale teie ei saaks sisu n‰ha

alter function fn_GetNameById(@Id int)
returns nvarchar(30)
with Encryption 
as begin
return (select Name from EmployeesWithDates where Id = @id)
end

--kasutame schemabindingut et n‰ha mis on funktsiooni sisu
alter function dbo.fn_GetNameById(@Id int)
returns nvarchar(30)
with schemabinding 
as begin
return (select Name from dbo.EmployeesWithDates where Id = @id)
end
--schemabinding t‰hendab, et kui keegi ¸ritab muuta EmplyeesWithDates 
--tabelit siis ei lase seda teha kuna see on seotud 
--fn_GetNameById funktsiooniga

--ei saa kustuda ega muuta tabeli EmployeesWithDates
--kuna see on seotud funktsiooniga fn_GetNameById
drop table dbo.EmployeesWithDates

--temporary tables
--see on olemas ainult selle sessiooni jooksul
--kasutatakse # s¸mbolit, et saada aru, et tegemist on temporary tabeliga
create table #PersonDetails (Id int, Name Nvarchar(20))

insert into #PersonDetails values (1, 'Sam')
insert into #PersonDetails values (2, 'Pam')
insert into #PersonDetails values (3, 'John')

select Name from sysobjects
where name like '#PersonDetails%'

--kustutame temporary tabeli
drop table #PersonDetails

--loome sp, mis loob temporary tabeli ja paneb sinna andmed
create proc spCreateLocalTempTable
as begin
create table #PersonDetails (Id int, Name nvarchar(20))

insert into #PersonDetails values (1, 'Sam')
insert into #PersonDetails values (2, 'Pam')
insert into #PersonDetails values (3, 'John')

select * from #PersonDetails
end

exec spCreateLocalTempTable

--globaalÒe temp tabel on olemas kogu
--serveris ja kıigile kasutajatale, kes on ¸hendatud
create table ##GlobalPersonDetails (Id int, Name nvarchar(20))

--index 
create table EmployeeWithSalary
(
Id int primary key,
Name nvarchar(20),
Salary int,
Gender nvarchar(10)
) 

insert into EmployeeWithSalary(Id, Name, salary, Gender) values
(1, 'Sam', 2500, 'Male'),
(2, 'Pam', 6500, 'Female'),
(3, 'John', 4500, 'Male'),
(4, 'Sara', 5500, 'Female'),
(5, 'Todd', 3100, 'Male')

select * from EmployeeWithSalary

--otsime inimesi kelle palgavahemik on 5000 kuni 7000
select * from EmployeeWithSalary where Salary between 5000 and 7000

--loome indeksi Salary veerule, et kiirendada otsingut
--mis asetab andmed Salary veeru j‰rgi j‰rjestatult
create index IX_EmployeeSalary 
on EmployeeWithSalary(salary asc)

--saame teada, et mis on selle tabeli primaarvıti ja index
exec sys.sp_helpindex @objname = 'EmployeeWithSalary'

--tahaks IX_EMployeeSalary indeksi kasutada, et otsing oleks kiirem
select * from EmployeeWithSalary
where Salary between 5000 and 7000

--n‰itab, et kasutatakse indeksi IX_EmployeeSalary,
--kuna see on j‰rjestatud Salary veeru j‰rgi
select * from EmployeeWithSalary with (index(IX_EmployeeSalary))

drop index IX_EmployeeSalary on EmployeeWithSalary --1 variant
drop index EmployeeWithSalary.IX_EmployeeSalary --2 variant

--indeksi t¸¸bid:
--1. Klastrites olevad
--2. Mitte klastrites olevad
--3. Unikaalsed
--4. Filtreeritud
--5. XML
--6. T‰istekst
--7. Ruumiline
--8. Veerus‰ilitav
--9. Veergude indeksid 
--10. V‰lja arvatud veergudega indeksid

--klastrits olev indeks m‰‰rab ‰ra tabelis oleva f¸¸silise j‰erjestuse
--ja selle tulemusel saab tabelis olla ainult ¸ks klastris olev indeks

create table EmployeeCity
(
ID int primary key,
Name nvarchar(20),
Salary int,
Gender nvarchar(10),
City nvarchar(50)
)
insert into EmployeeCity values(3, 'John', 4500, 'Male', 'New York')
insert into EmployeeCity values(1, 'Sam', 2500, 'Male', 'London')
insert into EmployeeCity values(4, 'Sara', 5500, 'Female', 'Tokyo')
insert into EmployeeCity values(5, 'Todd', 3100, 'Male', 'Toronto')
insert into EmployeeCity values(2, 'Pam', 6500, 'Female', 'Syndney')

exec sp_helpindex EmployeeCity
--andmete ıige jırjestuse loovad klastris olevad indeksid 
--ja kasutab selleks id nr-t
--pıhjus, miks antud juhul kasutab Id-d, tuleneb primaarvıtmest

--klastris olevad indeksid dikteerivad s‰ilitanud andmete j‰rjestus tabelis 
--ja seda saab klastrite puhul olla ainult ¸ks

select * from EmployeeCity
create clustered index IX_EmployeeCityName
on EmployeeCity(Name)
--pıhjus miks ei saa luua klastris olevat
--indeks Name veerule on se et tabelis on juba kastris 
--olev indeks Id veerul, kuna see on primaarvıti

--loome composite indeksi mis t‰hendab et see on mitme veeru indeks
--enne tuleb kustutad aklastris olev indeks, kuna composite indeks
--on
create clustered index IX_EmployeeGenderSalary
on EmployeeCity(Gender desc, Salary desc)
--kui teed select p‰ringu sellele tabelile siis peaksid n‰gema andmeid,
--mis on j‰rjestatud selliselt: Esimeseks vıetakse aluseks Gender veerg
--kahanevas j‰erjestuses ja siis Salary veerg tıusvas j‰rjestuses

select * from EmployeeCity

--mitte klastris oolev indeks on eraldi struktuur,
--mis hoiab indeksi veru v‰‰rtusi
create nonclustered index IX_EmployeeCityName
on EmployeeCity(Name)
--kui n¸¸ud teed select p‰ringu, siis n‰ed, et andmed on
--j‰rjestatud Id veeru j‰rgi

--erinevused kahe indeksi vahel 
--1. ainult ¸ks klastris olev indeks saab olla tabeli peale,
--mitte-klastris olevaid indekseid saab olla mitu
--2. Klastris olevaid indeksid on kiiremad kuna indeks peab tagasi
--viitama tabelile juhul kui selekteeritud veerg ei ole  olemas indeksis
--3.Klastris olev indeks m‰‰ratleb ‰ra tabeli ridade salvestusj‰rjestuse
--ja ei nıua kettal lisa rumi. Samas mitte klastris olevaid indeksid on
----salvestatud tabelist eraldi ja n¸uab lisa ruumi

create table EmployeeFirstName
(
ID int primary key,
FirstName nvarchar(20),
LastName nvarchar(20),
Salary int,
Gender nvarchar(10),
City nvarchar(50)
)
exec sp_helpindex EmployeeFirstNAme 
insert into EmployeeFirstName values(1, 'John', 'Smith', 4500, 'Male', 'New York')
insert into EmployeeFirstName values(1, 'Mike', 'Sandoz', 2500, 'Male', 'London')

drop index EmployeeFirstName.PK__Employee__3214EC27F6B586E8
--kui k¸ivitada ¸levalpool oleva koodi, siis tuleb veateade
--et SQL server kasutab UNIQUE indeksit jıustamaks v‰‰rtuste 
--unkiaalsust ja primaarv¸tit koodiga UNikaalseid Indekseid
--ei saa kustuda aga k‰sitsi saab

create unique nonclustered index UTX_Employee_FirstName_LastName
on EMployeeFirstName(FirstName, LastName)

--lisame uue piirangu peale 
alter table EmployeeFirstNAme
add constraint UQ_EmployeeFirstNameCity
unique nonclustered (City)

--sisetsage kolmas rida andmeid, mis on id-s 3, FIrstNAme-s John,
--LastName-s Menco ja linn on London
insert into EmployeeFirstName values(3, 'John', 'Menco', 3500, 'Male', 'London')

--saab vaadata indeksite infot
exec sp_helpconstraint EmployeeFirstName

--1. Vaikimisi primaarv¸ti loob unikaalses klastris oleva indeksi
--samas unikaalse mitte-klastris oleva indeksi
--2.Unikaalset indeksit vıi piirangut ei saa luua olemasolevasse tabelis
--kui tabel juba sisaldab v‰‰rtusi vıtmeveerus
--3. Vaikimisi korduvaid v‰‰rtuseid  ei ole veerus lubatud,
--kui peaks olema unikaalne indeks vıi piirang. Nt, kui tahad sisestada
----10 rida andmeid, millest 5 sisaldavad korduvaid andmeid
----siis kıik 1 l¸katakse tagais. Kui soovin ainult 5
--rea tagasi l¸kkamist ja ¸lej‰‰nud 5 rea sisestamist, siis selleks
----kasutatakse IGNORE_DUP_KEY

create unique index IX_EMployeeFirstName
on EmployeeFirstName(City)
with ignore_dup_key
insert into EmployeeFirstName values(4, 'John', 'Menco', 3512, 'Male', 'London1')
insert into EmployeeFirstName values(5, 'John', 'Menco', 3123, 'Male', 'London2')
insert into EmployeeFirstName values(5, 'John', 'Menco', 3220, 'Male', 'London2')
--enne ignore k‰sku oleks kıik kolm rida tagasi l¸katud, aga
--n¸¸d l‰ks keskmine rida l‰bi kuna linna nimi oli unikaalne
select * from EmployeeFirstName

--view on virtuaalne tabel, mis on loodud ¸he vıi mitme tabeli pıhjal
select FirstName, Salary, Gender, DepartmentName
from Employees
join Department
on Department.id = Employees.Department

create view vw_EmployeesByDetails
as 
select FirstName, Salary, Gender, DepartmentName
from Employees
join Department
on Department.id = Employees.Department

--kuidas view-d kasutada: vw_EmployeesByDetails
select * from vw_EmployeesByDetails
--view ei salvesta andmeid vaikimisi
--seda tasub vıtta, kui salvestatud virtuaalne tabelina

--milleks on vaja:
--saab kasutada andebaasi skeemi keerukuse lihtsustamiseks
--mitte IT-inimesele
--piiratud ligip‰‰as andmetele, ei n‰e kıiki veerge

--teeme view, kus n‰eb ainult IT-Tˆˆtajaid
create view vITEmployeesInDepartment
as
select FirstName, Salary, Gender, DepartmentName
from Employees
join Department
on Department.id = Employees.Department
where Department.DepartmentName = 'IT'
--¸levalpool olevat p‰ringut saav liigutada reataseme turvalisuse
--alla Tahan ainult n‰idata IT osakonna tˆˆtajaid