--17.02.2026
--tund nr 1

-- teeme andmebaasi e db
create database IKT25tar

--andmebaasi valimine
use IKT25tar

--andmebaasi kustutamine koodiga
--otsida kood ³lesse
drop database IKT25tar

--teeme uuesti andmebaasi IKT25tar
create database IKT25tar

--teeme tabeli
create table Gender
(
--Meil on muutuja Id,
--mis on tõisarv andmet³³p,
--kui sisestad andmed, 
--siis see veerg peab olema tõidetud,
--tegemist on primaarv§tmega
Id int not null primary key,
--veeru nimi on Gender,
--10 tõhemõrki on max pikkus,
--andmed peavad olema sisestatud e 
--ei tohi olla t³hi
Gender nvarchar(10) not null
)

--andmete sisestamine Gender tabelisse
--proovige ise teha
-- Id = 1, Gender = Male
-- Id = 2, Gender = Female
insert into Gender (Id, Gender)
values (1, 'Male'),
(2, 'Female')

--vaatame tabeli sisu
-- * tõhendab, et nõita k§ike seal sees olevat infot
select * from Gender

--teeme tabeli nimega Person
--veeru nimed: Id int not null primary key,
-- Name nvarchar (30)
-- Email nvarchar (30)
--GenderId int
create table Person
(
Id int not null primary key,
Name nvarchar(30),
Email nvarchar(30),
GenderId int
)

--18.02.2026
--tund nr 2

insert into Person (Id, Name, Email, GenderId)
values (1, 'Superman', 's@s.com', 2),
(2, 'Wonderwoman', 'w@w.com', 1),
(3, 'Batman', 'b@b.com', 2),
(4, 'Aquaman', 'a@a.com', 2),
(5, 'Catwoman', 'c@c.com', 1),
(6, 'Antman', 'ant"ant.com', 2),
(8, NULL, NULL, 2)

--nõen tabelis olevat infot
select * from Person

--v§§rv§tme ³henduse loomine kahe tabeli vahel
alter table Person add constraint tblPerson_GenderId_FK
foreign key (GenderId) references Gender(Id)

-- kui sisestad uue rea andmeid ja ei ole sisestanud GenderId alla 
-- võõrtust, siis automaatselt sisestab sellele reale võõrtuse 3
-- e unknown
alter table Person
add constraint DF_Persons_GenderId
default 3 for GenderId

insert into Gender (Id, Gender)
values (3, 'Unknown')

insert into Person (Id, Name, Email, GenderId)
values (7, 'Black Panther', 'b@b.com', NULL)

insert into Person (Id, Name, Email)
values (9, 'Spiderman', 'spider@man.com')

select * from Person

--piirnagu kustutamine
alter table Person
drop constraint DF_Persons_GenderId

--kuidas lisada veergu tabelile Person
--veeru nimi on Age nvarchar(10)
alter table Person
add Age nvarchar(10)

alter table Person
add constraint CK_Person_Age check (Age > 0 and Age < 155)

-- kuidas uuendada andemeid
update Person
set Age = 159
where Id = 7

select * from Person

--soovin kustutada ³he rea
-- kuidas seda teha????
delete from Person where Id = 8

select * from Person

--lisame uue veeru City nvarchar(50)
alter table Person
add City nvarchar(50)

--k§ik, kes elavad Gothami linnas
select * from Person where City = 'Gotham'
-- k]ik, kes ei ela Gothamis
select * from Person where City != 'Gotham'
-- variant nr 2. K]ik, kes ei ela Gothamis
select * from Person where City <> 'Gotham'

--nõitab teatud vanusega inimesi
-- valime 151, 35, 26
select * from Person where Age in (151, 35, 26)
select * from Person where Age = 151 or Age = 35 or Age = 26

-- soovin nõha inimesi vahemikus 22 kuni 41
select * from Person where Age between 22 and 41

--wildcard e nõitab k§ik g-tõhega linnad
select * from Person where City like 'g%'
--otsib emailid @-mõrgiga
select * from Person where Email like '%@%'

--tahan nõha, kellel on emailis ees ja peale @-mõrki ³ks tõht
select * from Person where Email like '_@_.com'

--k§ik, kelle nimes ei ole esimene tõht W, A, S
select * from Person where Name like '[^WAS]%'

--k]ik, kes elavad Gothamis ja New Yorkis
select * from Person where (City = 'Gotham' or City = 'New York')

-- k]ik, kes elavad Gothamis ja New Yorkis ning peavad olema 
-- vanemad, kui 29
select * from Person where (City = 'Gotham' or City = 'New York')
and Age >= 30

--kuvab tõhestikulises jõrjekorras inimesi ja v§tab aluseks 
-- Name veeru
select * from Person
select * from Person order by Name

--v§tab kolm esimest rida Person tabelist
select top 3 * from Person

--tund 3
--25.02.2026
--kolm esimest, aga tabeli jõrjestus on Age ja siis Name
select top 3 Age, Name from Person

--nõita esimesed 50% tabelist
select top 50 percent * from Person
select * from Person

--jõrjestab vanuse jõrgi isikud
select * from Person order by Age desc

--muudab Age muutuja int-ks ja nõitab vanuselises jõrjestuses
-- cast abil saab andmet³³pi muuta
select * from Person order by cast(Age as int) desc

-- k§ikide isikute koondvanus e liidab k§ik kokku
select sum(cast(Age as int)) from Person

--k§ige noorem isik tuleb ³les leida
select min(cast(Age as int)) from Person

--k§ige vanem isik
select max(cast(Age as int)) from Person

--muudame Age muutuja int peale
-- nõeme konkreetsetes linnades olevate isikute koondvanust
select City, sum(Age) as TotalAge from Person group by City

--kuidas saab koodiga muuta andmet³³pi ja selle pikkust
alter table Person 
alter column Name nvarchar(25)

-- kuvab esimeses reas võlja toodud jõrjestuses ja kuvab Age-i 
-- TotalAge-ks
--jõrjestab City-s olevate nimede jõrgi ja siis Genderid jõrgi
--kasutada group by-d ja order by-d
select City, GenderId, sum(Age) as TotalAge from Person
group by City, GenderId
order by City

--nõitab, et mitu rida andmeid on selles tabelis
select count(*) from Person

--nõitab tulemust, et mitu inimest on Genderid võõrtusega 2
--konkreetses linnas
--arvutab vanuse kokku selles linnas
select GenderId, City, sum(Age) as TotalAge, count(Id) as 
[Total Person(s)] from Person
where GenderId = '1'
group by GenderId, City

--nõitab õra inimeste koondvanuse, mis on ³le 41 a ja
--kui palju neid igas linnas elab
--eristab inimese soo õra
select GenderId, City, sum(Age) as TotalAge, count(Id) as 
[Total Person(s)] from Person
where GenderId = '2'
group by GenderId, City having sum(Age) > 41

--loome tabelid Employees ja Department
create table Department
(
Id int primary key,
DepartmentName nvarchar(50),
Location nvarchar(50),
DepartmentHead nvarchar(50)
)

create table Employees
(
Id int primary key,
Name nvarchar(50),
Gender nvarchar(50),
Salary nvarchar(50),
DepartmentId int
)

insert into Employees (Id, Name, Gender, Salary, Department)
values (1, 'Tom', 'Male', 4000, 1),
(2, 'Pam', 'Female', 3000, 3),
(3, 'John', 'Male', 3500, 1),
(4, 'Sam', 'Male', 4500, 2),
(5, 'Todd', 'Male', 2800, 2),
(6, 'Ben', 'Male', 7000, 1),
(7, 'Sara', 'Female', 4800, 3),
(8, 'Valarie', 'Female', 5500, 1),
(9, 'James', 'Male', 6500, NULL),
(10, 'Russell', 'Male', 8800, NULL)

insert into Department(Id, DepartmentName, Location, DepartmentHead)
values 
(1, 'IT', 'London', 'Rick'),
(2, 'Payroll', 'Delhi', 'Ron'),
(3, 'HR', 'New York', 'Christie'),
(4, 'Other Department', 'Sydney', 'Cindrella')

select * from Department
select * from Employees

---
select Name, Gender, Salary, DepartmentName
from Employees
left join Department
on Employees.DepartmentId = Department.Id
---

--arvutab k]ikide palgad kokku Employees tabelist
select sum(cast(Salary as int)) from Employees --arvutab k§ikide palgad kokku
-- k§ige võiksema palga saaja
select min(cast(Salary as int)) from Employees

--nõitab veerge Location ja Palka. Palga veerg kuvatakse TotalSalary-ks
--teha left join Department tabeliga
--grupitab Locationiga
select Location, sum(cast(Salary as int)) as TotalSalary
from Employees
left join Department
on Employees.DepartmentId = Department.Id
group by Location


-- 4 tund
-- 03.03.26

select * from Employees
select sum(cast(Salary as int)) from Employees  --arvutab k§ikide palgad kokku

-- lisame veeru City ja pikkus on 30
-- Employees tabelisse lisada
alter table Employees
add City nvarchar(30)

select City, Gender, sum(cast(Salary as int)) as TotalSalary 
from Employees
group by City, Gender

--peaaegu sama põring, aga linnad on tõhestikulises jõrjestuses
select City, Gender, sum(cast(Salary as int)) as TotalSalary 
from Employees 
group by City, Gender 
order by City

select * from Employees
--on vaja teada, et mitu inimest on nimekirjas selles tabelis
select count (*) from Employees

--mitu t÷÷tajat on soo ja linna kaupa t÷÷tamas
select City, Gender, sum(cast(Salary as int)) as TotalSalary,
count (Id) as [Total Employee(s)]
from Employees 
group by Gender, City 

--kuvab kas naised v§i mehed linnade kaupa
--kasutage where
select City, Gender, sum(cast(Salary as int)) as TotalSalary,
count (Id) as [Total Employee(s)]
from Employees 
where Gender = 'Female'
group by Gender, City 

--sama tulemuse nagu eelmine kord, aga kasutage: having
select City, Gender, sum(cast(Salary as int)) as TotalSalary,
count (Id) as [Total Employee(s)]
from Employees 
group by Gender, City 
having Gender = 'Female'

--k§ik, kes teenivad rohkem, kui 4000
select * from Employees where sum(cast(Salary as int)) > 4000

--teeme variandi, kus saame tulemuse
select Gender, City, sum(cast(Salary as int)) as TotalSalary,
count (Id) as [Total Employee(s)]
from Employees 
group by Gender, City 
having sum(cast(Salary as int)) > 4000

--loome tabeli, milles hakatakse automaatselt nummerdama Id-d
create table Test1
(
Id int identity(1,1),
Value nvarchar(20)
)

insert into Test1 values('X')
select * from Test1


--5 tund
--04.03.26

--kustutame veeru nimega City Employee tabelist
alter table Employees
drop column City


--inner join 
--kuvab neid, kellel on DepartmentName all olemas võõrtus
--mitte kattuvad read eemaldatakse tulemusest
-- ja sellepõrast ei nõidata Jamesi ja Russelit tabelis
--kuna neil on DepartmentId NULL
select Name, Gender, Salary, DepartmentName
from Employees
inner join Department
on Employees.DepartmentId = Department.Id

-- left join
select Name, Gender, Salary, DepartmentName
from Employees
left join Department  --v§ib kasutada ka LEFT OUTER JOIN-i
on Employees.DepartmentId = Department.Id
--uurige, mis on left join
--nõitab andmeid, kus vasakpoolsest tabelist isegi, siis kui seal puudub
--v§§rv§tme reas võõrtus

--right join
select Name, Gender, Salary, DepartmentName
from Employees
right join Department  --v§ib kasutada ka RIGHT OUTER JOIN-i
on Employees.DepartmentId = Department.Id
--right join nõitab paremas (Department) tabelis olevaid võõrtuseid,
--mis ei ³hti vasaku (Employees) tabeliga

--outer join
select Name, Gender, Salary, DepartmentName
from Employees
full outer join Department
on Employees.DepartmentId = Department.Id
--m§lema tabeli read kuvab

--teha cross join
select Name, Gender, Salary, DepartmentName
from Employees
cross join Department
--korrutab k§ik omavahel lõbi

--teha left join, kus Employees tabelist DepartmentId on null
select Name, Gender, Salary, DepartmentName
from Employees
left join Department
on Employees.DepartmentId = Department.Id
where Employees.DepartmentId is null

--teine variant ja sama tulemus
select Name, Gender, Salary, DepartmentName
from Employees
left join Department
on Employees.DepartmentId = Department.Id
where Department.Id is null
-- nõitab ainult neid, kellel on vasakus tabelis (Employees)
-- DepartmentId null

select Name, Gender, Salary, DepartmentName
from Employees
right join Department
on Employees.DepartmentId = Department.Id
where Employees.DepartmentId is null
--nõitab ainult paremas tabelis olevat rida, 
--mis ei kattu Employees-ga.

--full join
--m§lema tabeli mitte-kattuvate võõrtustega read kuvab võlja
select Name, Gender, Salary, DepartmentName
from Employees
full join Department
on Employees.DepartmentId = Department.Id
where Employees.DepartmentId is null
or Department.Id is null

--teete AdventureWorksLT2019 andmebaasile join p'ringuid:
--inner join, left join, right join, cross join ja full join
--tabeleid sellesse andmebaasi juurde ei tohi teha

--M§nikord peab muutuja ette kirjutama tabeli nimetuse nagu on Product.Name,
--et editor saaks aru, et kummma tabeli muutujat soovitakse kasutada ja ei tekiks
--segadust
select Product.Name as [Product Name], ProductNumber, ListPrice, 
ProductModel.Name as [Product Model Name], 
Product.ProductModelId, ProductModel.ProductModelId
--m§nikord peab ka tabeli ette kirjutama tõpsustama info
--nagu on SalesLt.Product
from SalesLt.Product
inner join SalesLt.ProductModel
--antud juhul Producti tabelis ProductModelId v§§rv§ti,
--mis ProductModeli tabelis on primaarv§ti
on Product.ProductModelId = ProductModel.ProductModelId

--rida 412
--6 tund
--12.03.26

--isnull funktsiooni kasutamine
select isnull('Ingvar', 'No Manager') as Manager

-- NULL asemel kuvab No Manager
select coalesce(NULL, 'No Manager') as Manager

alter table Employees
add ManagerId int

--neile, kellel ei ole ³lemust, siis paneb neile No Manager teksti
--kasutage left joini
select  E.Name as Employee, isnull(M.Name, 'No Manager') as Manager
from Employees E
left join Employees M
on E.ManagerId = M.Id

--kasutame inner joini
--kuvab ainult ManagerId all olevate isikute võõrtuseid
select E.Name as Employee, M.Name as Manager
from Employees E
inner join Employees M
on E.ManagerId = M.Id

--k§ik saavad k§ikide ³lemused olla
select E.Name as Employee, M.Name as Manager
from Employees E
cross join Employees M

--lisame Employees tabelisse uued veerud
alter table Employees
add MiddleName nvarchar(30)

alter table Employees
add LastName nvarchar(30)

--muudame olemasoleva veeru nimetust
sp_rename 'Employees.Name', 'FirstName'

update Employees
set FirstName = 'Tom', MiddleName = 'Nick', LastName = 'Jones'
where Id = 1

update Employees
set FirstName = 'Pam', MiddleName = NULL, LastName = 'Anderson'
where Id = 2

update Employees
set FirstName = 'John', MiddleName = NULL, LastName = NULL
where Id = 3

update Employees
set FirstName = 'Sam', MiddleName = NULL, LastName = 'Smith'
where Id = 4

update Employees
set FirstName = NULL, MiddleName = 'Todd', LastName = 'Someone'
where Id = 5

update Employees
set FirstName = 'Ben', MiddleName = 'Ten', LastName = 'Sven'
where Id = 6

update Employees
set FirstName = 'Sara', MiddleName = NULL, LastName = 'Connor'
where Id = 7

update Employees
set FirstName = 'Valarie', MiddleName = 'Balerine', LastName = NULL
where Id = 8

update Employees
set FirstName = 'James', MiddleName = '007', LastName = 'Bond'
where Id = 9

update Employees
set FirstName = NULL, MiddleName = NULL, LastName = 'Crowe'
where Id = 10

--igast reast v§tab esimesena tõidetud lahtri ja kuvab ainult seda
--coalesce
select * from Employees
select Id, coalesce(FirstName, MiddleName, LastName) as Name
from Employees

--loome kaks tabelit
create table IndianCustomers
(
Id int identity(1,1),
Name nvarchar(25),
Email nvarchar(25)
)

create table UKCustomers
(
Id int identity(1,1),
Name nvarchar(25),
Email nvarchar(25)
)

--sisestame tabelisse andmeid
insert into IndianCustomers (Name, Email)
values ('Raj', 'R@R.com'),
('Sam', 'S@S.com')

insert into UKCustomers (Name, Email)
values ('Ben', 'B@B.com'),
('Sam', 'S@S.com')

select * from IndianCustomers
select * from UKCustomers

--kasutame union all, mis nõitab k§iki ridu
--union all ³hendab tabelid ja nõitab sisu
select Id, Name, Email from IndianCustomers
union all
select Id, Name, Email from UKCustomers

--korduvate võõrtustega read pannakse ³hte ja ei korrata
select Id, Name, Email from IndianCustomers
union
select Id, Name, Email from UKCustomers

--kasutad union all, aga sorteerid nime jõrgi
select Id, Name, Email from IndianCustomers
union all
select Id, Name, Email from UKCustomers
order by Name

--stored procedure
--tavaliselt pannakse nimetuse ette sp, mis tõhendab stored procedure
create procedure spGetEmployees
as begin
	select FirstName, Gender from Employees
end

--n³³d saab kasutada selle nimelist sp-d
spGetEmployees
exec spGetEmployees
execute spGetEmployees

create proc spGetEmployeesByGenderAndDepartment
--@ tõhendab muutujat
@Gender nvarchar(20),
@Department int
as begin
	select FirstName, Gender, Department from Employees where Gender = @Gender
	and Department = @Department
end

--kui n³³d allolevat kõsklust kõima panna, siis n§uab gender parameetrit
spGetEmployeesByGenderAndDepartment

--§ige variant
spGetEmployeesByGenderAndDepartment 'Female', 1

--niimoodi saab sp kirja pandud j'rjekorrast m÷÷da minna, kui ise paned muutuja paika
spGetEmployeesByGenderAndDepartment @DepartmentId = 1, @Gender = 'Male'

---saab vaadata sp sisu result vaates
sp_helptext spGetEmployeesByGenderAndDepartment

--kuidas muuta sp-d ja panna sinna v]ti peale, et keegi teine peale teie ei saaks muuta
--kuskile tuleb lisada with encryption
alter proc spGetEmployeesByGenderAndDepartment   
@Gender nvarchar(20),  
@Department int 
with encryption
as begin  
 select FirstName, Gender, Department from Employees where Gender = @Gender  
 and Department = @Department  
end

--sp tegemine
create proc spGetEmployeeCountByGender
@Gender nvarchar(20),
@EmployeeCount int output
as begin
	select @EmployeeCount = count(Id) from Employees where Gender = @Gender
end

--annab tulemuse, kus loendab õra n§uetele vastavad read
--prindib ka tulemuse kirja teel
--tuleb teha declare muutuja @TotlaCount, mis on int
declare @TotalCount int
--execute spGetEmployeeCountByGender sp, kus on parameetrid Male ja TotalCount
execute spGetEmployeeCountByGender 'Male', @TotalCount out
--if ja else, kui TotalCount = 0, siis tuleb tekst TotalCount is null
if(@TotalCount = 0)
	print '@TotalCount is null'
else
	print '@Total is not null'
print @TotalCount
--l]pus kasuta print @TotalCounti puhul

declare @TotalCount int
execute spGetEmployeeCountByGender @EmployeeCount = @TotalCount out, @Gender = 'Female'
print @TotalCount

--sp sisu vaatamine
sp_help spGetEmployeeCountByGender
--tabeli info vaatamine
sp_help Employees
--kui soovid sp teksti nõha
sp_helptext spGetEmployeeCountByGender

--vaatame millest s§ltub meie valitud sp
sp_depends
--nõitab, et sp s§ltub Employees tabelist kuna seal on Count(Id)
--ja ID on Employee tabelis

--vaatame tabelit
sp_depends Employees

--teeme sp, mis annab andmeid ID ja Name veergude kohta Employee tabelis
create proc spGetNameById
@Id int,
@Name nvarchar(20) output
as begin 
select @Id = Id, @Name = FirstName from Employees
end
--annab kogu tabeli ridade arvu
create proc spTotalCount2
@TotalCount int output
as begin
select @TotalCount = count(Id) from Employees
end

--on vaja teha uus põring kus kasutame sptotalcount2 sp-d
--et saada tabelite ridade arv
--tuleb delrareerida muutuja @TotalCount mis on int andmet³³p
--tuleb execute spTotalCount2 kus parameeter @totalcount out
declare @TotalEmployees int
execute spTotalCount2 @TotalCount out
print @TotalEmployees

--Mis Id all on keegi nime jõrgi
create proc spGetNameById1
@Id int,
@FirstName nvarchar(20) output
as begin
select @FirstName = FirstName from Employees where Id = @Id 
end

--annab tulemuse kus Id 1 (sead numbrit saab muuta) real on keegi koos nimega
--print tuleb kasyrada et nõidata tulemust
declare @FirstName nvarchar(20) 
exec spGetNameById1 3, @FirstName output
print 'Name of the Employee = ' + @FirstName

--tehke sama mis eelmine aga kasutage spgetbynameid sp-d
--firstname l§pus on out
declare @FirstName nvarchar(20) 
exec spGetNameById1 3, @FirstName out
print 'Name of the Employee = ' + @FirstName 
--output tagastab muudetud read kohe põrinu tulemusena
--see on salvestatud protseduuuris ja ³he võõrtuse tagastamine
--out ei anna mitte midagi kui seda ei mõõra execute kõsus

sp_help spGetNameById

create proc spGetNamebyId2
@Id int
as begin
--kui on begin siis on ka end kuskil olemas
return (select FirstName from Employees where id = @Id)
end

--tuleb veateade kuna kutsusime võlja int-i aga Tom on nvarchar
declare @EmployeeName nvarchar(50)
execute @EmployeeName = spGetNamebyId2 1
print 'Name of the employee = ' + @EmployeeName


--sisseehitatud string funktsioonid 
--see konverteerib ASCII tõhe võõrtuse numbriks
select ASCII('A')
select CHAR(65)
--prindime kogu tõhestiku võlja

declare @Start int
set @Start = 97
while (@Start <= 122)
begin
select char (@Start)
set @Start = @Start + 1
end

--eemaldame t³hjad kohad sulgudes
select ('                Hello')
select LTRIM('                Hello')

--t³hiute eemaldamine veerust, mis on tabelist
select FirstName, MiddleName, LastName from Employees
--eemaldage t³hikud FirstName veerust õra
select LTRIM(FirstName) as FirstName, MiddleName, LastName from Employees

--paremalt poolt t³hjad stringid l§ikab õra
select RTRIM('       hello      ')
--keerab kooloni sees olevad andmed vastupidiseks
--vastavalt lower-ga ja upper-ga saan muuta mõrkide suurust
--reverse funktsioon p÷÷rab k§ik ³mber 
select REVERSE(upper(ltrim(FirstName))) as FirstName, MiddleName, LOWER(LastName), RTRIM(ltrim(FirstName)) + 
' ' + MiddleName + ' ' LastName as FullName
from Employees
--left, right, substring
--vasakult poolt neli esimest tõhte
select LEFT('ABCDEF', 4)
--paremalt poolt kol tõhte
select RIGHT ('ABCDEF', 3)

--kuvab @-tõhemõrki asetust e mitmes on @ mõrrk 
select charindex('@', 'Sara@aaa.com')

--esimene nr peale komakohta nõitab, et mitmedast alustab ja siis mitu nr peale seda kuvada
select SUBSTRING('pam@bbb.com', 5 2)

--@ mõrgist kuvab kolm tõhemõrki. Viimase nr saab mõõrata pikkust
select SUBSTRING('pam@bbb.com', CHARINDEX('@', 'pam@bbb.com') + 1, +3)

select SUBSTRING('pam@bbb.com', CHARINDEX('@', 'pam@bbb.com') + 5
len('pam@bbb.com') - charindex('@', 'pam@bbb.com')
--peale @ mõrki hakkab kuvama tulemus, nr saab kaugust seadistada

alter table Employees 
add Email nvarchar(20)

update Employees set Email = 'Tom@ttt.com' where id = 1
update Employees set Email = 'Pam@bbb.com' where id = 2
update Employees set Email = 'John@jjj.com' where id = 3
update Employees set Email = 'Sam@sss.com' where id = 4
update Employees set Email = 'Todd@ttt.com' where id = 5
update Employees set Email = 'Ben@bbb.com' where id = 6
update Employees set Email = 'Sara@sss.com' where id = 7
update Employees set Email = 'Valarie@vvv.com' where id = 8
update Employees set Email = 'James@jjj.com' where id = 9
update Employees set Email = 'Russel@rrr.com' where id = 10

select * from Employees
select SUBSTRING (Email, charindex('@', Email) + 1,
len (email) - charindex('@', Email)) as EmailDomain
from Employees

--alates teisest tõhest emailisis kuni @ mõrgini on tõrnid
select FirstName, LastName, 
SUBSTRING (Email, 1, 2) + replicate('*', 5) + 
substring(Email, Charindex('@', Email), len (Email) - charindex('@', Email)+1) as Email
from Employees

--kolm korda nõitab stringis olevat võõrtust
select REPLICATE ('asd', 3)

--t³hiku sisestamine
select SPACE(5)

--t³hiku sisestaine FirstName ja LastName vahele
select FirstName + SPACE(25) + LastName as FullName
from Employees

--PatIndex
--sama mis charindex aga d³naamilisem ja saab kasutada wildcardi 
select Email, PATINDEX('%@aaa.com', Email) as Firstoccurence
from Employees where PATINDEX('%@jjj.com', Email) > 0
--leian k§ik selle domeeni esindajad ja alates mitmendast mõrgist algab @

--k§ik .com emailid  asendav .net-ga
select Email, REPLACE (Email, '.com', '.net') from Employees

--soovin asendada peale esimest mõrki kolm tõhte viis tõrniga
select FirstName, LastName, Email,
stuff(Email, 2, 3, '*****') as stuffedEmail
from Employees 

create table DateTime 
(
c_time time,
c_date date,
c_smalldatetime smalldatetime, 
c_datetime datetime,
c_datetime2 datetime2,
c_datetimeoffset datetimeoffset
)

select * from DateTime

--konkreetse masina kellaaeg
select GETDATE(), 'GETDATE()'

insert into DateTime
values (getdate(), GETDATE(), GETDATE(), GETDATE(), GETDATE(), GETDATE())

update DateTime 
set c_datetimeoffset = '2026-03-19 55:27:15.0500000 +10:00'
where c_datetimeoffset = '2026-03-19 14:27:15.0500000 +00:00'

select CURRENT_TIMESTAMP, 'CURRENT_TIMESTAMP' ---aja põring
select SYSDATETIME(), 'SYSDATETIME' ---veel tõpsem aja põring
select SYSDATETIMEOFFSET(), 'SYSDATETIMEOFFSET' --tõpne aeg koos ajalise nihkega
select GETUTCDATE(), 'GETUTCDATE' --UTC aeg
--saab kontrollida kas on §ige andmet³³p
select ISDATE('asd') --tagastab 0 kuna string ei ole date
--kuidas saada vastuseks 1 isdate puhul
select ISDATE(GETDATE())
select ISDATE('2026-03-19 55:27:15.0500000') --tagastab 0 kuna max kolm komakohta v§ib olla 
select DAY(getdate()) --annab tõnase põeva nr
select DAY('01/24/2026') --annab stringis oleva kuupõeva ja jõrjestus peab olema §ige
select Month(Getdate()) --annab tõnase kuu nr
select month('01/24/2026') --annab stringis oleva kuu ja jõrjestus peab olema §ige
select YEAR(getdate()) --annab jooksva aasta nr
select year('01/24/2026') --annab stringis oleva aasta ja jõrjestus peab olema §ige

select DATENAME(day, '2026-03-19 14:27:15.0500000') --annab stringis oleva põeva nr
select DATENAME(WEEKDAY, '2026-03-19 14:27:15.0500000') --annab stringis oleva põeva s§nana 
select DATENAME(month, '2026-03-19 14:27:15.0500000') --annab stringis oleva kuu s§nana

create table EmployeesWithDates
(
Id nvarchar(2), 
Name nvarchar(20),
DateOfBirth datetime
)
insert into EmployeesWithDates (Id, Name, DateOfBirth) values
('1','Sam', '1980-12-30 00:00:00.000'),
('2', 'Pam', '1982-12-30 12:02:36.260'),
('3' , 'John', '1985-08-22 12:03:30:370'),
('4', 'Sara', '1979-11-29 12:59:30.670')
select * from EmployeesWithDates

--tund 9

--kuidas v§tta ³hest veerust andmeid ja selle abil luua uued veerud

--vaatab DoB veerust põeva ja kuvab põeva nimetuse s§nana
select Name, DateOfBirth, DATENAME(weekday, DateOfBirth) as [Day], 
--vaatab Vob veerust kuup§evasid ja kuvab kuu nr
MONTH(DateOfBirth) as MonthNumber,
--vaatab DoB veerust kuud ja kuvab s§nana
DateName(Month, DateOfBirth) as [MonthName],
--v§tab DoB veerust aasta
YEAR(DateOfBirth) as [Year]
from EmployeesWithDates

---kuvab 1 kuna USA nõdal algab p³hapõeval
select DATEPART(weekday, '2026-3-24 12:59:30.670')
--tehke sama kasutage kuud
select DATEPART(month, '2026-3-24 12:59:30.670')
--liidab stringis oleva kp 20 põeva juurde
select DATEadd(day, 20, '2026-3-24 12:59:30.670')
select DATEadd(day, -20, '2026-3-24 12:59:30.670')
--kuvab kahe stringis oleva kuudevahelist aega numbrina
select DATEDIFF(month,  '11/20/2026', '01/20/2026')
--sama aga kasutage aastat
select DATEDIFF(year,  '11/20/2026', '01/20/2026')
--alguses uurite mis on funktsioon MS SQL
--miks seda on vaja 
--mis on selle eelised ja puudused

--mis on: eelkirjutatud toimingud, salvestatud tegevus
--miks on vaja:pakkuda DB-s korduvkasutatud funktionaalsust
--eelised: saab kiiresti kasutada toiminguid ja ei pea kood uuesti kirjutama
--puudused: funktsioon ei tohi muuta DB olekut
create function fnComputeAge(@DOB datetime)
returns nvarchar(50)
as begin
declare @tempdate datetime, @years int, @months int, @days int
select @tempdate = @DOB
select @years = DATEDIFF(year, @tempdate, getdate()) - case when (MONTH(@DOB) >
MONTH(getdate())) or (MONTH(@dob) = MONTH(getdate()) and DAY(@DOB) > DAY(getdate()))
then 1 else 0 end
select @tempdate = DATEADD(year, @years, @tempdate)

select @months = DATEDIFF(month, @tempdate, getdate()) - case when DAY(@DOB) > DAY(getdate()) then 1 else 0 end
select @tempdate  = DATEADD(day, @months, @tempdate)

select @days = DATEDIFF(day, @tempdate, getdate())

declare @Age nvarchar(50)
set @Age = CAST(@years as nvarchar(4)) + ' Years ' + CAST(@months as nvarchar(2))
+ ' Months ' + CAST(@days as nvarchar(2)) + ' Days old '
return @Age
end

select Id, Name, DateOfBirth, dbo.fnComputeAge(DateOfBirth) as Age from EmployeesWithDates

--kui kasutame seda funktsiooni siis saame teada tõnase põeva vahet stringis oleva võlja tooduga
select dbo.fnComputeAge('02/24/2010') as age

-- n peale DOB muutujat nõitab et mismoodikuvada DOB-i
select Id, Name, DateOfBirth,
CONVERT(nvarchar, DateOfBirth, 109) as ConvertedDOB
from EmployeesWithDates

select Id, Name, Name + '-' + CAST(Id as nvarchar) as [Name-ID] from EmployeesWithDates

select CAST(getdate() as date) --tõnane kp
--tõnanae kuupõev aga kasutate converti et kuvada stringina

select CONVERT(nvarchar, GETDATE(), 109) as ConvertedDOB

--matemaatilised funktsioonid 
select ABS(-5) --abs on absoluutvõõrtusega number ja tulemuseks saame ilma miinus mõrgita 5
select CEILING(4.2) --ceiling on funktsioon, mis ³mardab ³lespoole ja tulemuseks saame 5
select CEILING(-4.2) --ceiling ³mardab ka miinus numbrid ³lespoole, mis tõheendab, et saame -4
select FLOOR(15.2) --floor on funktsioon, mis ³mardab ³lespoole ja tulemuseks saame 15
select FLOOR (-15.2) --floor ³mardab ka miinus numbrid ³lespoole, mis tõheendab, et saame -16
select POWER(2, 4) --kaks astmes neli  
select SQUARE(9) -- antud juhul 9 ruudus
select SQRT(16) --antud juhul 16 ruutjuur

select RAND() --RAND on funtksioon mis genereerib 
--juhusliku numbri vahemikus 0 kuni 1
--kuidas aada tõis number iga kord 
select FLOOR(rand() * 100) --korrutab sajaga iga suvalise numbri

--iga kord nõitab 10 suvalist numbrit 
declare @counter int
set @counter = 1
while (@counter <= 10)
begin
select FLOOR(rand() * 100)
set @counter = @counter + 1
end

select ROUND(850.556, 2)
--round on funktsioon, mis ³mardab kaks komakohta
--ja tulemuseks saame 850.56
select ROUND(850.556, 2, 1)
--round on funktsioon, mis ³mardab kaks komakohta ja 
--kui kolmas parameeter on 1, siis ³mardab alla
select ROUND(850.556, 1)
--round on funktsioon, mis ³mardab ³he komakoha ja 
--tulemuseks saame 850.6
select ROUND(850.556, 1, 1) --³mardab alla ³he komakoha pealt ja tulemsueks saame 850.5
select ROUND(850.556, -2) --³mardab tõisnr ³lespoole ja tulemuseks saame 90
select ROUND(850.556, -1)-- ³mardab tõisnr alla ja tulemus on 850

create function dbo.CalcuteAge(@DOB date)
returns int 
as begin
declare @Age int 
set @Age = DATEDIFF(year, @DOB, GEtdate()) - 
case
when (MONTH(@DOB) > MONTH(getdate())) OR 
(MONTH(@DOB) = MONTH(getdate()) and DAY(@DOB) > DAY(getdate()))
then 1 else 0 end
return @age
end
exec dbo.CalcuteAge '1980-12-30'

--arvutab võlja, kui vana on isik ja v§tab arvesse kuud ning põevad 
--antud juhul nõitab k§ike kes on ³le 36 a vanad 
select Id, dbo.CalcuteAge(DateOfBirth) as age from EmployeesWithDates
where dbo.CalcuteAge(DateOfBirth) > 36

--inline table functsions
alter table EmployeesWithDates
add DepartmentId int
alter table EmployeesWithDates
add Gender nvarchar(10)

select * from EmployeesWithDates

insert into EmployeesWithDates(Id, Name, DateOfBirth, DepartmentId, Gender)
values (5, 'Todd', 1978-11-29, 1, 'Male')

update EmployeesWithDates 
set DepartmentId = 1 
where Id = 1

update EmployeesWithDates 
set DepartmentId = 2 
where Id = 2

update EmployeesWithDates 
set DepartmentId = 1
where Id = 3

update EmployeesWithDates 
set DepartmentId = 3
where Id = 4

update EmployeesWithDates
set Gender = 'Male'
where Id = 1

update EmployeesWithDates
set Gender = 'Female'
where Id = 2
update EmployeesWithDates
set Gender = 'Male'
where Id = 3
update EmployeesWithDates
set Gender = 'Female'
where Id = 4

--scalar function annab mingis vahemikus olevaid andmeid
--inline table values ei kasutabegin ja end funktsioone 
--scalar annab võõrtused ja inline annab tabeli
create function fn_EmployeesByGender(@Gender nvarchar(10))
returns table 
as
return (select Id, Name, DateOfBirth, Gender
from EmployeesWithDates
where Gender = @Gender)

--kuidas leida k§ik naised tabelis EmployeesByGender
select * from fn_EmployeesByGender('female')
--tahaks ainult Pami nime nõha 

select * from fn_EmployeesByGender('female') where Id = 2

select * from Department
--kahest erinevast tabelist andmete v§tmine ja koos kuvamine
--esimene on funktsioon ja teine tabel

select Name, Gender; DepartmentName
from fn_EmployeesByGender('Male') E
join Department D on D.Id = E.DepartmentId

--multi tabel statement 
--inline funktsioon
create function fn_GetEmployees()
returns table as
return (select Id, Name, cast(DateOfBirth AS date)
AS dob
FROM EmployeesWithDates)

--multi-state puhul peab defineerima uue tabeli veerud koos muutujatega
--funktsioon nimi on fn_MS_GetEmpolyees()
--peab edastama meile Id, NAme, DOB tabelist EMployeeswithDates

create function fn_MS_GetEmployees()
returns @Table Table (Id int, Name nvarchar(20), DateOfBirth date)
as begin 
insert into @Table
select Id, Name, CAST(DateOfBirth as date) from EmployeesWithDates
return
end

select * from fn_MS_GetEmployees()

--muudane andmeid ja vaatame, kas inline funktsioonis on muutused kajastatud
update fn_GetEmployees() set Name = 'Sam1' where Id = 1
select * from fn_GetEmployees()

update fn_MS_GetEmployees() set Name = 'Sam2' where Id = 1
--ei saa muuta andmeid multi state funktsioonis, 
--kuna see on nagu stored pocedure

--deterministic vs non-determenistic functions
--deterministic funktsioonid annavad alati sama tulemuse kui sisend on sama
select COUNT(*) from EmployeesWithDates
select SQUARE(4)
--non-deterministic funktsioonid annavd erineva tulemuse, kui sisend on sama
select GETDATE()
select CURRENT_TIMESTAMP
select RAND()

--loome funktsioon
create function fn_GetNameById(@id int)
returns nvarchar(30)
as begin
return (select Name from EmployeesWithDates where Id = @id)
end

--kasutame funktsiooni, leides Id 1 all oleva inimene
select dbo.fn_GetNameById(1)

select * from EmployeesWithDates

--saab nõha funktsiooni sisu
sp_helptext fn_GetNameById

--muudate funktsiooni nimega fn_GetNameById
--ja panete sinna encryption, et keegi peale teie ei saaks sisu nõha

alter function fn_GetNameById(@Id int)
returns nvarchar(30)
with Encryption 
as begin
return (select Name from EmployeesWithDates where Id = @id)
end

--kasutame schemabindingut et nõha mis on funktsiooni sisu
alter function dbo.fn_GetNameById(@Id int)
returns nvarchar(30)
with schemabinding 
as begin
return (select Name from dbo.EmployeesWithDates where Id = @id)
end
--schemabinding tõhendab, et kui keegi ³ritab muuta EmplyeesWithDates 
--tabelit siis ei lase seda teha kuna see on seotud 
--fn_GetNameById funktsiooniga

--ei saa kustuda ega muuta tabeli EmployeesWithDates
--kuna see on seotud funktsiooniga fn_GetNameById
drop table dbo.EmployeesWithDates

--temporary tables
--see on olemas ainult selle sessiooni jooksul
--kasutatakse # s³mbolit, et saada aru, et tegemist on temporary tabeliga
create table #PersonDetails (Id int, Name Nvarchar(20))

insert into #PersonDetails values (1, 'Sam')
insert into #PersonDetails values (2, 'Pam')
insert into #PersonDetails values (3, 'John')

select Name from sysobjects
where name like '#PersonDetails%'

--kustutame temporary tabeli
drop table #PersonDetails

--loome sp, mis loob temporary tabeli ja paneb sinna andmed
create proc spCreateLocalTempTable
as begin
create table #PersonDetails (Id int, Name nvarchar(20))

insert into #PersonDetails values (1, 'Sam')
insert into #PersonDetails values (2, 'Pam')
insert into #PersonDetails values (3, 'John')

select * from #PersonDetails
end

exec spCreateLocalTempTable

--globaal±e temp tabel on olemas kogu
--serveris ja k§igile kasutajatale, kes on ³hendatud
create table ##GlobalPersonDetails (Id int, Name nvarchar(20))

--index 
create table EmployeeWithSalary
(
Id int primary key,
Name nvarchar(20),
Salary int,
Gender nvarchar(10)
) 

insert into EmployeeWithSalary(Id, Name, salary, Gender) values
(1, 'Sam', 2500, 'Male'),
(2, 'Pam', 6500, 'Female'),
(3, 'John', 4500, 'Male'),
(4, 'Sara', 5500, 'Female'),
(5, 'Todd', 3100, 'Male')

select * from EmployeeWithSalary

--otsime inimesi kelle palgavahemik on 5000 kuni 7000
select * from EmployeeWithSalary where Salary between 5000 and 7000

--loome indeksi Salary veerule, et kiirendada otsingut
--mis asetab andmed Salary veeru jõrgi jõrjestatult
create index IX_EmployeeSalary 
on EmployeeWithSalary(salary asc)

--saame teada, et mis on selle tabeli primaarv§ti ja index
exec sys.sp_helpindex @objname = 'EmployeeWithSalary'

--tahaks IX_EMployeeSalary indeksi kasutada, et otsing oleks kiirem
select * from EmployeeWithSalary
where Salary between 5000 and 7000

--nõitab, et kasutatakse indeksi IX_EmployeeSalary,
--kuna see on jõrjestatud Salary veeru jõrgi
select * from EmployeeWithSalary with (index(IX_EmployeeSalary))

drop index IX_EmployeeSalary on EmployeeWithSalary --1 variant
drop index EmployeeWithSalary.IX_EmployeeSalary --2 variant

--indeksi t³³bid:
--1. Klastrites olevad
--2. Mitte klastrites olevad
--3. Unikaalsed
--4. Filtreeritud
--5. XML
--6. Tõistekst
--7. Ruumiline
--8. Veerusõilitav
--9. Veergude indeksid 
--10. Võlja arvatud veergudega indeksid

--klastrits olev indeks mõõrab õra tabelis oleva f³³silise jõerjestuse
--ja selle tulemusel saab tabelis olla ainult ³ks klastris olev indeks

create table EmployeeCity
(
ID int primary key,
Name nvarchar(20),
Salary int,
Gender nvarchar(10),
City nvarchar(50)
)
insert into EmployeeCity values(3, 'John', 4500, 'Male', 'New York')
insert into EmployeeCity values(1, 'Sam', 2500, 'Male', 'London')
insert into EmployeeCity values(4, 'Sara', 5500, 'Female', 'Tokyo')
insert into EmployeeCity values(5, 'Todd', 3100, 'Male', 'Toronto')
insert into EmployeeCity values(2, 'Pam', 6500, 'Female', 'Syndney')

exec sp_helpindex EmployeeCity
--andmete §ige j§rjestuse loovad klastris olevad indeksid 
--ja kasutab selleks id nr-t
--p§hjus, miks antud juhul kasutab Id-d, tuleneb primaarv§tmest

--klastris olevad indeksid dikteerivad sõilitanud andmete jõrjestus tabelis 
--ja seda saab klastrite puhul olla ainult ³ks

select * from EmployeeCity
create clustered index IX_EmployeeCityName
on EmployeeCity(Name)
--p§hjus miks ei saa luua klastris olevat
--indeks Name veerule on se et tabelis on juba kastris 
--olev indeks Id veerul, kuna see on primaarv§ti

--loome composite indeksi mis tõhendab et see on mitme veeru indeks
--enne tuleb kustutad aklastris olev indeks, kuna composite indeks
--on
create clustered index IX_EmployeeGenderSalary
on EmployeeCity(Gender desc, Salary desc)
--kui teed select põringu sellele tabelile siis peaksid nõgema andmeid,
--mis on jõrjestatud selliselt: Esimeseks v§etakse aluseks Gender veerg
--kahanevas jõerjestuses ja siis Salary veerg t§usvas jõrjestuses

select * from EmployeeCity

--mitte klastris oolev indeks on eraldi struktuur,
--mis hoiab indeksi veru võõrtusi
create nonclustered index IX_EmployeeCityName
on EmployeeCity(Name)
--kui n³³ud teed select põringu, siis nõed, et andmed on
--jõrjestatud Id veeru jõrgi

--erinevused kahe indeksi vahel 
--1. ainult ³ks klastris olev indeks saab olla tabeli peale,
--mitte-klastris olevaid indekseid saab olla mitu
--2. Klastris olevaid indeksid on kiiremad kuna indeks peab tagasi
--viitama tabelile juhul kui selekteeritud veerg ei ole  olemas indeksis
--3.Klastris olev indeks mõõratleb õra tabeli ridade salvestusjõrjestuse
--ja ei n§ua kettal lisa rumi. Samas mitte klastris olevaid indeksid on
----salvestatud tabelist eraldi ja n³uab lisa ruumi

create table EmployeeFirstName
(
ID int primary key,
FirstName nvarchar(20),
LastName nvarchar(20),
Salary int,
Gender nvarchar(10),
City nvarchar(50)
)
exec sp_helpindex EmployeeFirstNAme 
insert into EmployeeFirstName values(1, 'John', 'Smith', 4500, 'Male', 'New York')
insert into EmployeeFirstName values(1, 'Mike', 'Sandoz', 2500, 'Male', 'London')

drop index EmployeeFirstName.PK__Employee__3214EC27F6B586E8
--kui k³ivitada ³levalpool oleva koodi, siis tuleb veateade
--et SQL server kasutab UNIQUE indeksit j§ustamaks võõrtuste 
--unkiaalsust ja primaarv³tit koodiga UNikaalseid Indekseid
--ei saa kustuda aga kõsitsi saab

create unique nonclustered index UTX_Employee_FirstName_LastName
on EMployeeFirstName(FirstName, LastName)

--lisame uue piirangu peale 
alter table EmployeeFirstNAme
add constraint UQ_EmployeeFirstNameCity
unique nonclustered (City)

--sisetsage kolmas rida andmeid, mis on id-s 3, FIrstNAme-s John,
--LastName-s Menco ja linn on London
insert into EmployeeFirstName values(3, 'John', 'Menco', 3500, 'Male', 'London')

--saab vaadata indeksite infot
exec sp_helpconstraint EmployeeFirstName

--1. Vaikimisi primaarv³ti loob unikaalses klastris oleva indeksi
--samas unikaalse mitte-klastris oleva indeksi
--2.Unikaalset indeksit v§i piirangut ei saa luua olemasolevasse tabelis
--kui tabel juba sisaldab võõrtusi v§tmeveerus
--3. Vaikimisi korduvaid võõrtuseid  ei ole veerus lubatud,
--kui peaks olema unikaalne indeks v§i piirang. Nt, kui tahad sisestada
----10 rida andmeid, millest 5 sisaldavad korduvaid andmeid
----siis k§ik 1 l³katakse tagais. Kui soovin ainult 5
--rea tagasi l³kkamist ja ³lejõõnud 5 rea sisestamist, siis selleks
----kasutatakse IGNORE_DUP_KEY

create unique index IX_EMployeeFirstName
on EmployeeFirstName(City)
with ignore_dup_key
insert into EmployeeFirstName values(4, 'John', 'Menco', 3512, 'Male', 'London1')
insert into EmployeeFirstName values(5, 'John', 'Menco', 3123, 'Male', 'London2')
insert into EmployeeFirstName values(5, 'John', 'Menco', 3220, 'Male', 'London2')
--enne ignore kõsku oleks k§ik kolm rida tagasi l³katud, aga
--n³³d lõks keskmine rida lõbi kuna linna nimi oli unikaalne
select * from EmployeeFirstName

--view on virtuaalne tabel, mis on loodud ³he v§i mitme tabeli p§hjal
select FirstName, Salary, Gender, DepartmentName
from Employees
join Department
on Department.id = Employees.Department

create view vw_EmployeesByDetails
as 
select FirstName, Salary, Gender, DepartmentName
from Employees
join Department
on Department.id = Employees.Department

--kuidas view-d kasutada: vw_EmployeesByDetails
select * from vw_EmployeesByDetails
--view ei salvesta andmeid vaikimisi
--seda tasub v§tta, kui salvestatud virtuaalne tabelina

--milleks on vaja:
--saab kasutada andebaasi skeemi keerukuse lihtsustamiseks
--mitte IT-inimesele
--piiratud ligipõõas andmetele, ei nõe k§iki veerge

--teeme view, kus nõeb ainult IT-T÷÷tajaid
create view vITEmployeesInDepartment
as
select FirstName, Salary, Gender, DepartmentName
from Employees
join Department
on Department.id = Employees.Department
where Department.DepartmentName = 'IT'
--³levalpool olevat põringut saav liigutada reataseme turvalisuse
--alla Tahan ainult nõidata IT osakonna t÷÷tajaid

--veeru taseme turvalisus
--peale selecti mõõratled veergude nõitamise õra
create view vEmployeesInDepartmentSalaryNoShow
as
select FirstName, Gender, DepartmentName
from Employees
JOIN Department
on Employees.Department = Department.id

select * from vEmployeesInDepartmentSalaryNoShow

--saab kasutada esitlemaks koondandmeid ja ³ksikasjalike andmeid
--view, mis tagastab summeeritud andmeid
create view vEmployeesCountByDepartment
as 
select DepartmentName, COUNT(Employees.Id) as TotalEmployees
from Employees
join Department
on Employees.Department = Department.id
group by DepartmentName

select * from vEmployeesCountByDepartment

--kui soovid vaadata view sisu?
sp_helptext vEmployeesCountByDepartment
--kui soovid muuta, siis kasutad alter view

--lkui soovid kustutada, siis kasutad drop view
drop view vEmployeesCountByDepartment

--andmete uuendamine lõbi view
create view vEmploeesDataExceptSalary
as 
select Id, FirstName, Gender, Department
from Employees

select * from Employees

update vEmploeesDataExceptSalary
set [FirstName] = 'Pam' where id = 2

--kustutage Id 2 rida õra
delete from vEmploeesDataExceptSalary where id = 2
--andemete sisestamine l'bi view
--id2, female, osakond 2, nimi on Pam

insert into vEmploeesDataExceptSalary values
(2, 'Pam', 'Female', 2)

--indekseeritud view
--MS SQL on indekseeritud view nime all ja 
--Oracle materialiseeritu view nimega

create table Product
(
Id int primary key,
Name nvarchar(20),
UnitPrice int
)

select * from Product

insert into Product values 
(1, 'Books', 20),
(2, 'Pens', 14),
(3, 'Pencils', 11),
(4, 'Clips', 10)

create table ProductSales
(
Id int,
QuantitySold int
)

select * from ProductSales
Insert into ProductSales values
(1, 10),
(3, 23),
(4, 21),
(2, 12),
(1, 13),
(3, 12),
(4, 13),
(1, 11),
(2, 12),
(1, 14)

--loome view, mis annab meile veerud TotalSales ja TtalTransaction

create view vTotalSalesByProduct
with schemabinding
as 
select Name,
sum(isnull((QuantitySold * UnitPrice), 0)) as TotalSales,
count_big(*) as TotalTransaction
from dbo.ProductSales
join dbo.Product
on dbo.Product.Id = dbo.ProductSales.Id
group by Name

select * from vTotalSalesByProduct

--kui soovid luua indeksi view sisse, siis peab jõrgima teatud reegleid
--1. view tuleb luua koos schemabinding-ga
--2. kui lisafunktsioon select list viitab võljendile ja selle tulemuseks
--v§ib oll NULL, siis aasendusvõõrtus peaks olema tõpsustatud.
--Antud juhul kasutamine ISNULL funktsiooni asendamaks NULL võõrtust
--3. kui GroupBY on tõpsustatud, siis view select list peab
--sisaldama COUNT_BIG(*)võljebdit
--4. baastabelist peaksid view-d olema viidatud kaheosalise nimega
--e antud juhul dbo.Product ja dbo.Productsales

create unique clustered index UIX_vTotalSalesBYProduct_Name
on vTotalSalesByProduct(Name)

select * from vTotalSalesByProduct

--view piirangud 
create view vEmployeeDetails
@Gender nvarchar(20)
as
select Id, FirstName, Gender, Department
from Employees
where Gender = @Gender

--mis on selles view valesti??
--vaatesse e view-sse ei saa kaasa panna parameetrid e antud juhul Gender

--teha funktsioon kus parameetriks on Gender
--soovin nõha veerge: ID, FirstName, Gender, DepartmentID
--tabeli nimi on employees
--funktsiooni nimi on fnEmployeedetails
create function fnEmployeeDetails(@Gender nvarchar(20))
returns table
as return
(select Id, FirstName, Gender, Department
from Employees where Gender = @Gender)

--kasutame funktsiooni koos parameetriga
select * from fnEmployeeDetails('Female')

--order by kasutamine
create view vEmployeeDetailsStored
as 
select Id, FirstName, Gender, Department
from Employees
order by Id
--order by-d ei saa kasutada

--temp tabeli tegemine
create table ##TestTempTable
(Id int, FirstName nvarchar(20), Gender nvarchar(20))

insert into ##TestTempTable values(101, 'Mart', 'Male')
insert into ##TestTempTable values(102, 'Joe', 'Female')
insert into ##TestTempTable values(103, 'Pam', 'Female')
insert into ##TestTempTable values(104, 'James', 'Male')

--view nimi on VonTempTable
--kasutame ##TestTempTable
--
create view VOnTempTable
as
select Id, FirstName, Gender
from ##TestTempTable
--view-d ja funktsioone ei saa teha ajutistele tabelitele

--Triggerid

--DML trigger
--kokku on kolme t³³pi: DML, DDL, ja LOGON

--trigger on stored procedure eriliik, mis automaatselt kõivitab,
--kui mingi tegevus
----peaks andmebaasis aset leidma

----DML - dta manipulation language
--DML-i p§hilised kõsklused: insert, update, JA delete

----DML triggereid saab klassifitseerida kahte t³³pi:
--1.After TRIGGER(kutsutakse ka FOR triggeriks)
--2.Instead of trigger (selmet trigger e selle asemel trigger

--after trigger kõivitub peale s³ndmust, kui kuskil on tehtud

--loome  uue tabeli
create table EmployeeAudit
(
Id int identity(1, 1) primary key,
AuditData nvarchar(1000)
)

--PEALE IGA T§§taja sisestamist tahame teada t§§taja ID-d
--p'eva ning aega(millal sisestati)
--k§ik andmed tulevad employeeAudit tabeliss
--anmdeid sisestame Employees tabelisse

create trigger trEmployerForInsert on Employees
for insert
as begin
declare @Id int
select @Id = Id from inserted
insert into EmployeeAudit
values('New employee with Id = ' + CAST(@Id as nvarchar(5)) + ' is added at '
+ CAST(getdate() as nvarchar(20)))
end

select * from Employees

insert into Employees values (11, 'Bob', 'Blob', 'Bomb', 'Male', 3000, 1, 3, 'bob@bob.com')
go 
select * from EmployeeAudit

--delete trigger
create trigger trEmployeeForDelete
on Employees
for delete
as begin
declare @Id int
select @Id = Id from deleted

insert into EmployeeAudit
values('An existing employee with Id = '+ CAST(@Id as nvarchar(5)) + 
' is deleted at ' + CAST(getdate() as nvarchar(20)))
end

delete from Employees where id = 11
select * from EmployeeAudit

--update trigger
create trigger trEmployeeForUpdate on Employees
for update
as begin
--muutujate deklareerimine
declare @Id int
declare @OldGender nvarchar(20), @NewGender nvarchar(20)
declare @OldSalary int, @NewSalary int
declare @OldDepartmentId int, @NewDepartmentId int
declare @OldManagerId int, @NewManagerId int
declare @OldFirstName nvarchar(20), @NewFirstName nvarchar(20)
declare @OldMiddleName nvarchar(20), @NewMiddleName nvarchar(20)
declare @OldLastName nvarchar(20), @NewLastName nvarchar(20)
declare @OldEmail nvarchar(50), @NewEmail nvarchar(50)
--muutuja kuhu lõheb l§pptekst
declare @AuditString nvarchar(1000)

--laeb k§ik uuendatud andmed temp tabeli alla
select * from #TempTable
from inserted


--laeb k§ik uuendatud andmed temp tabeli alla
select * from #TempTable
from inserted

--kõib lõbi k§ik andmed temp tabelist
while(exists(select Id from #TempTable))
begin
set @AuditString = ''
--selekteerib esimese rea andmed temp tabelist
select top 1 @Id = Id, @NewGender = Gender,
@NewSalary = Salary, @NewDepartmentId = Department
@NewManagerId = ManagerID, @NewFirstName = FirstName,
@NewMiddleName = MiddleName, @NewLastName = LastName,
@NewEmail = Email
from #TempTable
--v§tab vanad amd,ed kustutatud tabelist
select @OldGender = Gender,
@OldSalary = Salary, @OldDepartmentId = Department
@OldManagerId = ManagerID, @OldFirstName = FirstName,
@OldMiddleName = MiddleName, @OldLastName = LastName,
@OldEmail = Email
from deleted where ID = @Id

--rida1677
--tund 13